bandwidth,throughput,congestion,packet_loss,latency,jitter,Routers,Planned route,Network measure,Network target,Percentage video occupancy,Bitrate video,Number videos,anomaly_throughput,anomaly_congestion,anomaly_packet_loss,anomaly_latency,anomaly_jitter,anomaly
2,0.98,134.37,1.2022067953078621,4.48,3.65,0,1,0,1,10,0,2,0,1,0,0,0,0
2,3.96,3.37,0.0,4.48,0.85,1,0,0,1,80,835,2,0,0,0,0,0,0
2,1.85,21.18,23.287165456279705,17.36,0.87,1,1,0,1,120,1670,0,0,0,0,0,0,0
2,1.11,24.22,11.877155876664219,4.48,0.39,1,1,0,1,80,1670,1,0,0,0,0,0,1
2,2.98,0.03,0.0,12.89,0.78,1,0,0,1,0,1336,1,0,0,0,0,0,0
2,1.39,7.89,0.6649518956714299,4.48,1.63,1,1,0,1,10,0,0,0,0,0,0,0,0
2,3.01,0.03,0.0,4.48,0.6,1,0,0,0,20,1336,2,0,0,0,0,0,0
2,0.05,28.22,0.0,26.83,1.04,0,1,0,1,50,167,1,0,0,0,0,1,1
2,3.08,60.51,0.0,27.52,0.45,1,0,0,0,0,835,0,0,0,0,0,0,1
2,0.96,80.82,1.4443743683787285,23.58,0.97,1,1,0,1,10,167,0,0,0,1,0,0,0
2,0.18,0.29,0.47882863188067215,4.48,0.49,1,0,0,1,10,0,0,0,0,0,0,0,0
2,1.32,71.84,7.82729410075125,20.03,0.99,0,1,0,1,10,2004,1,0,0,0,0,0,0
2,1.8,24.65,0.30473427382660456,41.17,0.64,1,1,0,1,120,167,1,1,0,0,0,0,0
2,2.61,96.68,52.5,17.13,2.47,0,0,0,1,80,0,1,0,0,1,0,0,0
2,3.18,2.01,0.0,12.67,0.91,1,1,0,1,120,1336,1,1,0,0,0,0,0
2,0.05,3.85,38.265225577075825,26.63,1.07,1,1,0,1,20,1670,0,0,0,0,0,0,0
2,1.36,13.88,0.0,4.48,0.96,0,0,0,1,20,1670,1,0,0,0,0,0,0
2,0.05,94.43,0.18415132465692746,24.24,1.61,1,1,0,1,80,0,2,0,0,0,0,0,1
2,2.74,15.5,0.0,13.62,1.06,1,0,0,1,0,0,1,0,0,0,0,0,0
2,0.05,59.55,0.0,11.26,0.84,0,0,0,0,80,1336,1,0,0,0,0,1,0
2,2.27,0.03,0.0,19.46,1.0,1,1,0,0,0,167,1,0,0,1,0,0,0
2,0.85,80.0,5.667165333064617,21.49,0.64,1,0,0,1,0,0,2,0,0,0,0,0,0
2,1.07,0.03,0.0,4.48,1.7,1,0,0,1,20,0,2,0,0,0,0,0,0
2,0.05,134.37,0.9463584678698321,15.08,1.47,0,0,0,0,100,1670,0,0,0,0,0,0,1
2,2.32,134.37,0.0,8.16,0.57,1,0,0,0,0,0,2,0,0,0,0,0,0
2,3.4,90.4,0.0,4.48,0.77,0,1,0,0,0,0,3,0,0,0,0,1,0
2,1.89,27.9,2.8858538129099376,4.48,0.87,1,1,0,1,0,167,0,1,0,0,0,0,0
2,1.17,46.4,38.925543237264726,4.48,0.71,1,1,0,1,10,0,1,0,1,0,0,0,0
2,0.35,7.25,23.030239183275388,4.48,0.84,0,1,0,1,10,0,0,0,0,0,0,0,0
2,3.07,4.85,0.0,4.48,1.1,1,0,0,0,10,1336,2,0,0,1,0,0,0
2,2.97,5.29,0.0,17.31,1.67,1,0,0,1,0,167,0,0,0,1,0,0,0
2,0.42,0.03,0.9814374558134614,32.8,1.01,0,0,0,1,10,2004,0,0,0,1,0,0,0
2,1.48,89.98,0.0,30.24,0.97,0,0,0,0,80,835,2,0,0,0,0,0,0
2,1.11,2.53,5.490143509273943,11.33,2.0,1,0,0,1,80,167,2,0,0,0,0,0,0
2,1.87,0.03,0.0,12.31,0.83,0,0,0,1,50,0,1,0,0,0,0,0,1
2,1.48,133.38,0.0,16.54,0.96,1,1,0,1,0,167,0,0,0,0,0,0,0
2,2.42,13.14,0.0,4.48,0.73,0,1,0,1,80,1670,2,0,0,0,0,0,0
2,1.18,9.38,0.0,4.48,1.04,0,0,0,1,80,2004,2,1,0,0,0,0,0
2,2.55,1.51,2.575555117144642,764.25,0.12,0,0,0,1,0,167,1,0,0,0,0,0,0
2,1.62,25.69,14.787283893305224,4.48,0.99,1,0,0,0,10,2004,2,0,0,0,0,0,0
2,0.4,28.04,3.509590266671383,11.44,1.17,1,0,0,0,0,0,2,0,0,0,0,0,0
2,2.49,0.03,0.0,4.48,1.49,0,1,0,1,80,167,1,0,0,0,0,0,0
2,0.52,54.31,0.0,34.21,1.23,1,1,0,1,80,1336,0,0,0,0,0,0,0
2,2.92,43.53,10.389105616383713,4.48,0.27,1,1,0,1,0,0,1,0,1,0,0,0,0
2,0.67,75.14,0.0,12.42,4.46,0,1,0,1,0,0,1,0,0,0,0,0,0
2,2.24,134.37,21.14578802483318,40.23,0.61,0,0,0,0,0,0,2,0,0,0,0,0,0
2,2.64,77.62,0.0,10.63,0.77,1,0,0,0,10,334,4,0,0,0,0,0,0
2,2.08,134.37,0.0,35.33,1.05,1,0,0,0,80,1336,1,0,0,0,0,0,0
2,7.14,0.03,1.3658820263327516,6.0,0.77,1,0,0,0,10,0,2,0,0,0,0,0,0
2,1.32,72.8,40.95833065413955,17.35,0.81,0,0,0,0,10,0,2,0,0,1,0,0,0
2,2.24,0.03,0.0,25.76,1.02,1,0,0,0,10,334,1,0,0,0,0,0,0
2,0.05,19.05,0.0,981.73,0.79,1,0,0,1,10,0,2,0,0,0,1,1,0
2,2.52,3.16,0.5223317905869448,4.48,0.93,1,1,0,1,0,167,2,0,0,0,1,0,0
2,0.05,99.55,0.8812275749326186,1028.68,0.78,1,0,0,0,0,0,4,0,1,1,0,0,1
2,0.05,3.51,17.93136148648178,26.16,0.68,1,0,0,1,20,167,1,0,0,0,0,0,0
2,1.66,35.06,2.27482401581385,17.94,0.89,1,0,0,1,50,2004,2,0,0,0,0,0,0
2,2.03,0.03,0.9854660861879222,4.48,0.28,1,0,0,1,10,0,1,0,0,0,0,0,0
2,3.02,1.62,0.0,26.6,1.38,1,1,0,0,100,0,1,0,0,1,0,0,0
2,0.05,41.96,0.7623851010763545,22.5,0.94,1,1,0,1,0,0,0,0,0,0,0,0,0
2,1.72,56.92,0.0,34.8,0.89,1,0,0,1,0,1336,0,0,1,0,0,0,0
2,0.54,5.4,0.0,39.52,0.91,1,0,0,1,50,1670,1,0,0,1,0,0,0
2,1.1,1.33,0.0,26.18,0.84,0,1,0,1,0,0,2,0,0,0,1,0,0
2,2.78,15.09,0.0,17.36,0.86,1,1,0,0,100,1336,2,0,1,0,0,0,0
2,0.48,3.18,0.0,4.48,0.99,0,1,0,1,0,0,1,0,0,0,0,0,0
2,2.75,53.74,0.0,8.12,0.35,1,1,0,0,0,0,2,1,0,0,0,0,0
2,0.05,1.18,21.1126795555314,1149.51,1.51,0,1,0,1,120,167,0,0,0,0,0,0,0
2,3.13,55.06,0.0,4.48,0.83,0,0,0,0,10,0,0,1,0,0,0,0,0
2,1.86,27.58,0.0,9.24,0.85,0,1,0,1,0,0,1,0,0,0,0,0,0
2,1.95,5.12,0.0,946.68,0.63,0,0,0,1,0,1336,2,0,1,0,0,0,1
2,2.8,98.37,0.0,11.25,1.68,1,1,0,0,0,167,2,0,0,0,0,0,0
2,3.17,3.06,0.0,11.5,0.66,1,0,0,0,10,835,2,0,0,0,0,0,0
2,0.94,58.37,0.0,13.27,0.67,0,1,0,1,0,0,6,0,0,1,0,0,0
2,2.81,11.41,0.0,28.46,1.07,1,1,0,0,0,2004,2,0,0,0,0,0,0
2,0.26,134.37,16.009924586170516,31.44,1.97,1,1,0,1,10,2004,1,0,0,0,0,0,0
2,0.55,0.03,0.1069831717642269,4.48,1.79,1,0,0,0,50,0,6,0,1,0,0,1,1
2,0.05,2.61,0.0,38.07,1.17,0,0,0,0,20,1336,2,0,0,0,1,0,0
2,2.65,60.04,43.17699472182473,1032.65,1.08,1,0,0,1,20,0,2,0,0,1,0,0,0
2,2.63,5.67,0.0,30.67,0.9,1,0,0,0,120,1336,1,0,0,0,0,0,0
2,1.2,83.1,13.334580320552268,4.48,0.38,1,1,0,1,10,0,0,0,0,0,0,0,0
2,1.4,0.03,9.463514159757835,15.74,2.2,1,1,0,1,50,334,2,0,0,0,1,0,1
2,1.6,14.04,8.913737959333172,17.35,1.06,1,0,0,1,0,1670,2,0,0,0,0,0,0
2,0.19,52.76,0.5927997170863616,17.14,1.04,0,1,0,1,100,0,1,0,0,0,0,0,0
2,2.71,1.9,0.7001062441213826,4.48,1.01,0,1,0,1,80,1336,2,0,0,0,0,0,0
2,2.62,91.3,11.793025382419877,42.36,0.18,1,0,0,1,100,0,1,0,0,0,0,0,0
2,2.92,2.69,0.8123393363619681,21.13,2.66,1,0,0,1,120,2004,2,0,0,0,0,0,0
2,2.97,6.19,0.0,17.02,0.69,0,0,0,1,10,2004,2,0,0,0,0,0,0
2,1.5,54.2,0.7303398854695332,10.98,0.64,1,0,0,0,0,167,2,0,0,0,0,0,1
2,2.47,111.46,15.7270674948561,21.45,0.58,0,0,0,1,20,0,2,0,0,0,0,1,0
2,2.6,90.25,0.0,11.2,1.3,1,0,0,1,0,1670,2,0,0,0,0,0,1
2,2.99,88.1,0.0,32.58,1.04,1,1,0,0,0,2004,0,1,0,0,0,0,0
2,0.17,13.48,36.873862107347264,4.48,0.87,1,0,0,1,0,167,1,0,0,0,0,0,0
2,0.48,90.42,0.0,9.52,0.99,1,0,0,0,80,0,1,0,0,0,0,0,0
2,1.6,93.04,0.0,4.48,1.08,1,1,0,1,100,334,1,0,0,0,1,0,1
2,0.05,0.03,0.0,39.98,1.67,1,1,0,0,100,334,0,0,0,0,0,0,0
2,1.12,0.03,42.06719034515608,4.48,1.44,1,0,0,1,10,334,1,0,0,0,0,1,1
2,1.66,3.43,0.0,17.55,0.98,1,0,0,0,0,167,2,1,0,1,0,0,0
2,0.44,15.06,1.673403829629187,9.82,1.62,1,0,0,1,120,0,2,0,0,0,0,0,0
2,2.56,0.03,0.02177563426690831,4.48,0.86,0,0,0,1,50,835,1,0,0,0,0,0,0
2,0.48,1.22,0.0,16.02,1.16,0,1,0,1,10,1670,2,0,0,0,0,0,0
2,2.87,119.87,27.512890609728846,26.56,0.93,1,1,0,0,0,0,1,0,0,0,0,0,0
2,2.97,10.94,0.0,4.48,0.85,0,1,0,1,10,0,1,0,0,0,0,0,0
2,0.69,1.55,0.7437313214165284,32.44,1.12,1,0,0,1,50,1670,1,0,0,0,0,0,0
2,1.36,26.21,3.431875552644115,4.48,1.52,1,1,0,1,20,0,2,0,0,0,0,0,0
2,0.84,4.28,0.0,10.06,0.34,1,0,0,0,0,1670,1,0,0,0,0,0,0
2,0.05,1.84,0.0,4.48,0.66,1,0,0,0,0,1336,1,0,0,0,0,0,0
2,1.14,5.64,0.0,4.48,0.75,1,0,0,1,0,0,0,1,0,0,0,0,0
2,1.64,4.76,1.2676248758847113,4.48,1.71,0,0,0,1,0,0,1,0,0,0,0,0,0
2,3.43,4.66,0.0,19.52,0.07,1,0,0,1,10,1670,2,0,0,0,0,0,1
2,3.6,0.03,0.0,4.48,0.41,0,1,0,1,0,1670,2,0,0,0,0,0,0
2,0.54,124.74,15.081447404998187,959.33,0.36,1,0,0,1,10,167,2,0,0,0,0,0,0
2,1.18,9.07,0.0,4.48,0.74,1,0,0,1,20,835,1,0,0,0,0,0,0
2,1.6,4.83,0.5229642166431745,28.38,2.2,1,0,0,1,0,835,2,0,0,1,0,0,0
2,2.88,44.77,0.0,13.84,0.76,0,1,0,1,10,0,2,0,0,0,0,0,0
2,2.83,125.19,11.577711921658597,35.62,0.75,1,0,0,1,10,167,2,0,0,0,0,0,0
2,1.84,5.42,0.4186582999646701,13.43,0.74,1,0,0,1,100,167,0,1,0,0,0,0,0
2,1.46,0.03,0.0,14.14,0.91,0,1,0,0,20,0,2,0,1,1,0,1,0
2,2.4,20.9,0.0,4.48,0.93,0,1,0,1,0,0,2,0,0,0,0,0,0
2,0.05,93.26,0.0,4.48,0.48,1,1,0,0,0,1336,2,0,1,0,0,0,0
2,1.14,93.33,0.0,4.48,0.97,1,1,0,1,0,835,2,0,0,1,0,0,0
2,4.36,59.4,1.3238717070763926,8.64,4.99,1,0,0,1,0,334,0,0,0,0,0,0,0
2,2.04,31.85,20.32694252314772,4.48,0.98,0,1,0,1,10,0,0,0,0,0,1,0,0
2,2.86,47.87,0.0,4.48,0.34,1,0,0,1,0,0,1,0,1,0,0,0,0
2,1.15,24.53,0.0,1608.98,1.74,1,0,0,1,10,835,2,0,0,0,0,0,0
2,2.1,45.17,0.0,1410.56,0.98,0,1,0,1,10,0,3,0,0,0,0,0,0
2,2.45,83.39,30.70341380036606,4.48,1.88,1,0,0,1,0,835,1,0,0,1,0,0,0
2,0.48,134.1,0.0,27.92,5.76,1,1,0,0,80,167,2,0,0,0,0,0,0
2,2.79,3.43,10.915387022248739,21.7,0.78,0,0,0,1,10,1336,1,0,0,1,0,0,0
2,3.96,0.03,0.0,4.48,4.61,0,0,0,0,0,1336,0,0,1,0,0,0,0
2,1.75,0.03,0.0,28.95,1.03,1,0,0,1,10,835,2,0,0,0,0,0,0
2,1.2,2.8,0.09778034363499835,36.01,1.02,0,1,0,1,10,0,1,0,0,0,1,0,1
2,1.43,2.23,0.0,4.48,1.33,1,1,0,1,20,0,4,0,0,0,0,0,0
2,2.89,3.96,23.58567869326798,14.94,2.5,1,1,0,1,0,0,2,0,0,0,0,0,1
2,1.8,0.03,0.0,29.1,1.11,1,1,0,1,10,2004,2,0,0,0,0,1,0
2,2.64,3.95,0.49800867095208434,4.48,0.49,1,1,0,1,50,835,1,0,0,0,0,0,0
2,1.61,34.28,0.0,4.48,0.45,0,1,0,1,80,0,0,0,1,0,0,0,0
2,2.61,41.96,0.0,4.48,0.13,1,1,0,0,80,0,2,0,0,0,0,0,0
2,2.23,0.03,0.0,5.93,0.55,1,1,0,0,50,334,0,1,0,1,0,0,0
2,0.39,68.94,0.0,6.11,0.92,1,0,0,1,0,1336,2,0,0,0,0,0,0
2,2.57,14.99,0.3628520727907816,7.96,2.24,0,1,0,1,80,1670,1,1,0,0,0,0,0
2,1.39,15.63,0.0,4.48,0.5,1,0,0,1,0,1336,0,0,0,0,0,0,0
2,0.91,28.63,11.30630092561622,14.06,1.78,0,1,0,1,10,0,0,0,0,0,0,1,0
2,0.05,5.93,0.7343814564379624,38.75,0.67,1,1,0,1,80,167,0,0,0,0,0,0,0
2,0.05,5.53,0.0,4.48,1.38,0,0,0,0,80,0,1,0,0,0,0,0,0
2,3.02,17.19,3.023189576663004,4.48,1.01,1,1,0,1,80,0,1,0,0,0,0,0,0
2,1.7,9.1,3.2555667157553785,25.24,4.43,0,1,0,0,0,1336,4,0,0,1,0,0,0
2,1.92,3.38,0.08246440360098008,5.85,1.54,1,1,0,1,0,167,1,0,0,0,0,0,0
2,1.18,24.52,0.0967323958859979,1311.62,0.86,1,0,0,1,50,334,1,0,0,0,0,1,0
2,1.6,7.01,0.0,4.48,0.99,1,0,0,1,0,1336,4,0,0,0,0,0,0
2,0.49,4.28,19.730238362122467,20.66,1.67,0,0,0,0,80,334,0,0,0,0,0,0,0
2,1.74,8.55,0.18586075633204743,18.92,0.87,1,0,0,1,100,1336,2,0,0,0,0,0,0
2,0.05,19.35,0.359861853760106,9.28,1.01,0,0,0,0,0,0,1,0,1,0,0,0,0
2,1.56,21.18,0.0,19.27,0.92,1,1,0,0,0,835,0,0,0,0,0,0,0
2,2.11,64.94,0.0,11.45,1.57,1,1,0,0,100,334,2,0,0,0,0,0,0
2,2.55,4.55,0.23913009418258824,4.48,0.13,0,0,0,1,10,1670,0,0,1,1,0,1,0
2,2.64,84.76,0.0,1059.46,0.52,0,0,0,1,20,2004,1,0,0,1,0,0,0
2,5.51,134.37,8.925077960869746,34.59,0.81,0,1,0,1,80,1336,0,1,0,0,0,0,0
2,0.19,14.15,0.0,26.6,1.04,1,0,0,1,80,1336,1,0,1,1,0,0,0
2,0.3,11.8,1.3280221099423437,4.48,5.17,1,1,0,0,100,0,0,0,0,0,0,0,0
2,1.75,24.16,0.07216927110848598,4.81,1.14,1,0,0,1,10,167,3,0,0,0,0,1,0
2,0.51,0.03,3.3912646677689526,4.48,0.78,0,0,0,0,10,835,2,0,0,0,0,0,0
2,1.48,20.38,0.0,16.27,5.47,1,1,0,0,10,0,1,0,0,0,0,0,0
2,3.49,0.03,0.0,4.48,2.62,0,0,0,1,10,1670,0,1,0,0,0,0,0
2,2.36,16.56,2.5019213445518744,20.06,0.87,0,0,0,1,10,167,2,0,0,1,0,0,0
2,0.5,24.0,0.0,39.61,0.79,1,1,0,1,120,0,2,0,0,0,0,0,0
2,2.52,0.51,0.0,4.48,0.88,0,0,0,1,0,0,0,0,0,0,0,0,0
2,4.2,1.42,1.1323148031954235,8.5,0.27,0,1,0,0,20,2004,1,0,0,0,0,0,0
2,0.3,0.73,12.613153104582656,6.33,0.61,1,1,0,1,0,167,2,0,0,1,0,1,1
2,2.46,75.22,0.0,652.96,1.86,1,0,0,1,50,1670,2,0,0,0,0,0,0
2,0.41,0.03,0.4141545979840977,13.25,0.88,0,1,0,0,10,0,4,0,0,0,0,0,0
2,2.81,4.06,1.3640605503241936,1163.48,0.51,1,1,0,1,10,0,2,0,0,0,0,0,0
2,0.87,7.58,16.35810105205112,4.48,1.4,1,1,0,1,10,0,2,0,0,1,0,0,0
2,2.5,7.88,0.0,958.76,1.24,1,1,0,1,50,0,0,0,0,1,0,0,1
2,0.05,26.57,1.1712115262110088,7.92,0.87,0,1,0,1,80,0,1,0,0,1,0,0,0
2,0.48,62.31,2.4165384832849846,1226.32,0.58,1,0,0,0,0,0,2,0,0,0,0,0,0
2,3.3,21.49,25.581129723424002,606.55,1.01,0,1,0,0,10,0,0,0,0,0,0,0,0
2,2.76,39.34,10.823018377188799,18.49,0.76,1,1,0,1,80,1336,1,0,0,0,0,0,0
2,0.27,130.13,0.0,18.95,1.07,1,1,0,0,80,1670,1,1,0,0,0,1,1
2,3.33,57.59,11.638869263698203,7.94,0.61,0,1,0,1,80,1670,1,0,0,0,0,0,0
2,0.56,0.03,7.295560608139739,4.48,2.46,0,1,0,1,50,0,0,0,0,0,0,0,0
2,2.83,6.95,0.0,13.11,0.75,1,1,0,1,0,0,1,0,0,0,0,0,0
2,3.51,19.73,8.98043859369817,13.65,10.8,1,1,0,0,10,2004,2,0,0,0,0,0,0
2,3.79,125.87,29.00595629831299,4.48,5.7,0,0,0,0,120,0,0,0,0,0,0,0,0
2,0.86,0.03,5.455769935391338,14.29,0.78,1,1,0,1,10,2004,0,0,0,0,0,0,0
2,0.05,26.39,6.1307415498572615,26.53,0.9,1,0,0,1,10,835,2,0,0,0,0,0,0
2,3.18,6.38,0.0,6.32,1.02,0,0,0,0,0,0,1,0,0,0,0,0,0
2,3.1,3.41,14.225600975266746,4.48,0.55,0,1,0,0,10,835,1,0,1,0,0,0,0
2,3.06,24.58,4.047170473780268,4.48,0.39,0,1,0,1,20,835,2,0,0,0,0,0,0
2,1.31,0.03,6.904231633780267,27.09,1.0,1,0,0,1,10,2004,1,0,0,0,0,0,0
2,2.45,0.03,0.0,26.02,1.21,1,1,0,1,10,334,0,0,0,0,0,0,0
2,0.51,4.44,0.0,16.72,1.06,1,0,0,1,10,1336,0,0,0,0,0,1,0
2,1.79,5.48,0.0,16.41,0.93,0,0,0,1,0,0,2,0,1,0,1,0,0
2,1.69,118.12,0.0,4.48,1.27,0,1,0,1,50,167,2,0,0,0,0,0,0
2,3.53,0.03,0.0,27.84,0.88,0,1,0,1,10,167,1,0,0,0,0,0,0
2,2.42,0.03,0.0,4.48,1.08,1,0,0,1,0,835,1,0,0,0,0,0,1
2,1.19,0.03,2.50637703238675,15.97,0.73,0,0,0,1,10,0,0,0,0,0,0,1,0
2,1.16,37.54,0.0,4.48,0.75,1,1,0,1,50,835,2,0,0,0,0,1,1
2,3.18,70.64,4.386597507876257,6.26,1.56,1,0,0,1,0,1670,2,0,1,0,0,0,0
2,0.8,27.77,0.0,9.7,0.86,0,1,0,0,10,835,2,0,0,0,0,0,0
2,1.46,19.6,0.0,30.08,1.14,1,0,0,1,0,1336,2,0,0,0,0,0,0
2,2.41,5.07,0.0,21.78,1.02,1,1,0,1,80,1336,3,0,0,0,0,0,0
2,2.42,132.27,0.0,4.48,0.32,1,1,0,1,20,167,2,0,0,0,0,0,0
2,0.82,15.03,0.0,11.04,0.91,0,1,0,0,10,1336,2,0,0,0,0,1,0
2,1.98,0.03,12.366678798146559,4.48,0.32,0,1,0,0,0,0,1,0,0,0,0,0,0
2,2.42,16.62,0.0,4.48,1.54,0,1,0,1,120,167,2,0,0,1,0,0,0
2,0.28,3.42,0.1611168595121871,4.48,0.46,1,0,0,1,80,0,1,0,0,0,0,1,0
2,2.49,7.19,0.5665021954215709,19.32,0.9,0,1,0,0,0,1670,0,0,0,0,0,0,0
2,0.49,55.69,0.0,4.48,0.52,1,0,0,0,120,167,2,0,1,0,0,1,0
2,1.67,1.93,0.4312813556633822,16.6,0.48,1,0,0,1,100,835,0,0,0,0,0,0,0
2,3.46,29.99,3.8380355630782077,9.34,1.04,1,1,0,1,20,1336,2,0,0,0,0,0,0
2,0.55,46.11,0.0,4.48,1.28,1,0,0,1,10,0,2,0,0,0,0,0,0
2,2.05,85.48,9.454895962888244,26.39,0.89,1,1,0,0,80,0,2,0,0,0,0,0,0
2,0.09,79.37,52.5,1294.25,2.14,1,1,0,1,80,835,0,0,0,0,0,0,0
2,2.33,0.03,19.539855870897938,4.48,1.62,0,1,0,1,0,167,1,0,0,0,0,0,0
2,2.13,0.35,0.3627486716053207,14.08,1.5,0,0,0,0,20,167,2,0,0,0,0,0,0
2,1.82,23.76,15.613380677454797,14.61,0.6,1,1,0,0,0,0,0,0,0,0,0,0,0
2,3.02,20.16,9.069765814085684,4.91,0.0,1,1,0,1,0,1336,2,0,0,0,0,0,0
2,1.98,0.36,0.0,4.48,0.54,1,0,0,1,10,835,0,0,0,0,0,0,0
2,1.88,7.6,34.75670834958983,40.41,4.28,0,1,0,1,120,2004,0,0,0,0,0,0,0
2,0.73,15.09,0.0,4.48,1.06,1,1,0,1,100,0,0,0,0,0,0,0,0
2,2.66,85.88,3.2220881639932344,4.48,2.44,0,0,0,1,10,0,2,0,0,0,0,0,0
2,2.0,1.22,0.8711724735679044,14.37,0.44,1,0,0,1,20,167,6,0,0,0,0,0,0
2,3.17,61.85,0.0,867.09,0.36,1,0,0,0,80,334,1,0,0,0,0,0,0
2,1.43,0.03,0.0,22.58,0.65,1,0,0,1,0,0,1,0,0,1,0,0,1
2,2.64,6.06,0.41248688392791943,22.79,0.92,1,0,0,0,50,1336,5,0,0,0,0,0,0
2,2.1,125.58,3.0033983015981462,35.23,1.08,0,1,0,1,10,0,1,0,0,0,0,0,0
2,2.88,131.49,0.0,30.76,0.06,0,0,0,1,20,0,0,0,0,0,0,1,0
2,3.71,17.81,17.18491435036731,4.48,0.31,0,1,0,1,10,0,2,1,0,0,0,0,0
2,0.3,54.12,4.624688399622166,952.56,0.25,1,0,0,1,120,0,2,0,0,0,0,0,0
2,0.05,6.31,0.17021213519475878,14.74,1.36,0,0,0,1,0,167,2,0,0,0,0,0,0
2,1.43,131.77,0.0,16.53,0.9,1,0,0,1,120,1336,2,0,0,0,0,0,1
2,0.88,120.31,26.504230866302397,4.48,1.2,0,0,0,1,80,167,2,0,0,0,1,1,0
2,2.52,134.37,0.0,11.43,0.62,1,0,0,1,80,0,1,0,0,0,0,0,0
2,1.64,7.32,0.0,37.02,0.64,0,0,0,1,100,167,0,0,0,0,0,0,0
2,3.08,134.26,0.0,34.06,1.27,1,1,0,0,0,1670,2,0,0,0,0,0,0
2,0.53,6.24,0.0,28.66,1.7,0,1,0,1,10,334,1,1,0,0,0,0,0
2,0.82,7.04,22.82462665291893,4.48,1.01,0,1,0,1,0,0,1,0,0,1,0,0,0
2,0.67,75.44,0.8342529584252532,27.12,0.34,1,1,0,1,0,0,1,0,0,0,0,0,0
2,1.42,1.77,0.0,19.28,0.32,0,1,0,0,100,167,1,0,0,0,0,0,1
2,3.64,109.97,0.0,7.9,1.32,0,1,0,0,100,0,1,0,0,1,0,0,0
2,1.5,0.69,0.0,25.19,0.78,1,1,0,0,0,835,4,0,0,0,0,0,1
2,0.4,0.03,20.432980704889445,4.48,0.96,0,0,0,1,20,334,2,0,0,1,0,0,0
2,2.83,5.12,0.0,4.48,1.24,1,0,0,1,50,1336,1,0,0,0,0,0,0
2,3.1,21.81,4.809825909309623,4.48,0.48,0,0,0,1,0,0,2,0,0,0,0,0,0
2,2.64,9.99,0.0,1204.97,1.94,1,1,0,0,50,0,1,0,0,0,0,0,0
2,3.03,0.62,0.8719023958260805,4.48,0.56,1,0,0,1,0,1336,2,0,0,0,0,0,1
2,0.3,4.68,0.0,4.48,2.92,1,0,0,1,10,167,0,0,1,0,0,0,0
2,0.54,6.0,0.0,38.47,0.91,1,0,0,1,0,1670,2,0,0,0,0,0,0
2,1.54,30.46,0.241846954004032,1435.77,0.92,1,1,0,1,50,0,2,0,0,0,0,0,0
2,2.11,27.72,23.29238976621791,20.8,0.88,1,0,0,1,80,1336,2,0,0,0,0,0,0
2,0.7,5.56,0.0,26.51,0.76,0,0,0,1,80,1336,0,0,0,1,0,0,0
2,2.0,1.98,5.56856529497468,4.48,0.12,0,0,0,1,0,1670,2,0,0,0,0,0,0
2,1.57,2.51,0.04494668536713746,4.48,1.47,0,0,0,1,0,2004,0,0,0,0,0,0,0
2,2.07,134.09,0.1602605585817916,7.25,1.4,1,1,0,0,0,1336,2,0,0,0,0,0,1
2,1.72,68.63,0.0,4.48,1.49,1,1,0,1,0,167,2,0,0,1,0,0,0
2,1.51,105.65,1.0158728340008594,4.48,10.8,0,0,0,1,0,334,1,0,0,1,0,1,0
2,3.6,0.03,2.2974758389728995,4.48,0.57,0,0,0,0,80,1336,2,0,0,1,1,0,0
2,2.42,0.03,0.0,4.48,0.89,0,1,0,1,10,1336,5,0,0,0,0,0,0
2,2.41,27.16,0.0,4.48,1.33,1,0,0,0,0,167,1,0,0,0,0,0,0
2,0.81,2.76,0.0,18.98,2.09,0,0,0,1,0,0,1,0,0,0,0,0,0
2,1.52,3.65,0.44378565932507535,25.14,0.42,1,0,0,1,100,1670,0,0,0,0,0,1,1
2,1.34,37.1,35.61839122841159,693.28,0.75,1,1,0,1,10,0,1,0,0,0,0,1,0
2,1.85,24.83,0.0,18.84,0.54,1,0,0,1,120,2004,0,0,0,0,0,0,0
2,2.79,76.31,6.225045706057914,26.63,0.83,0,1,0,1,10,835,0,0,0,0,1,0,0
2,0.15,5.34,0.0,1300.26,0.62,1,0,0,1,0,835,2,1,0,0,0,0,0
2,2.74,3.75,0.0,7.29,0.74,1,1,0,1,0,835,0,0,0,0,0,0,0
2,2.34,1.94,0.0,1321.97,4.17,1,0,0,1,0,0,4,0,0,0,0,0,1
2,1.7,5.35,0.0,1151.83,0.97,1,0,0,1,0,835,0,0,0,0,0,0,0
2,2.52,111.26,5.146177846876784,4.48,0.53,1,0,0,1,20,835,1,0,0,0,0,0,0
2,3.38,75.12,0.9896983565030588,5.39,0.94,0,1,0,1,80,167,0,0,0,0,0,0,0
2,3.42,12.19,1.2250269740807376,4.48,0.9,0,0,0,1,80,0,2,0,0,0,0,0,0
2,3.05,50.98,3.2356939415928445,18.65,0.34,1,0,0,0,20,167,2,0,0,0,0,0,0
2,2.14,41.87,0.0,11.97,0.87,1,0,0,1,0,1336,2,0,0,0,0,0,0
2,3.83,82.73,16.901395411049762,11.9,0.52,1,0,0,1,10,1336,1,0,0,0,0,0,0
2,2.24,0.03,0.0,4.48,0.67,1,0,0,0,0,2004,6,1,0,0,0,0,0
2,0.4,0.03,0.0,10.51,0.96,0,1,0,1,120,1336,1,0,0,0,1,1,0
2,4.59,29.19,0.0,34.37,2.01,1,0,0,1,100,835,1,0,0,0,0,0,0
2,2.37,24.22,17.82679455607041,10.89,1.48,1,1,0,1,80,1336,2,0,1,0,0,0,1
2,1.9,0.03,0.0,16.77,0.75,1,0,0,0,20,1670,3,0,0,0,0,0,0
2,0.42,0.03,0.6353524437344267,15.41,5.22,1,0,0,0,0,1670,1,0,0,0,0,0,0
2,0.35,63.71,0.0,4.48,0.75,1,0,0,0,80,0,1,0,0,1,0,0,0
2,3.08,4.89,0.0,32.21,1.17,0,1,0,1,0,835,2,0,0,0,0,0,0
2,2.27,5.34,0.0,23.96,0.68,1,0,0,1,0,167,6,0,0,0,0,0,0
2,1.88,134.37,0.0,4.48,0.61,1,0,0,1,80,334,1,0,0,0,0,0,0
2,1.95,100.16,0.0,31.69,1.02,0,0,0,0,0,0,0,0,0,0,0,0,0
2,1.07,134.37,0.0,4.48,0.58,1,0,0,1,50,334,2,0,0,0,0,1,0
2,3.64,6.39,24.99391847348153,23.31,0.68,1,0,0,1,10,0,0,0,0,0,1,0,0
2,0.19,0.03,0.0,4.48,0.59,0,0,0,1,10,0,1,1,0,0,0,0,1
2,2.39,134.37,1.369086859758914,8.41,0.89,0,1,0,1,10,0,2,0,0,0,0,0,0
2,0.93,20.21,0.0,4.48,0.74,1,0,0,1,80,167,2,1,0,0,0,0,0
2,0.81,1.74,0.0,4.48,1.89,1,1,0,1,0,167,2,0,0,0,0,0,0
2,1.31,6.6,6.1019832555186815,9.45,2.21,1,0,0,1,10,0,2,0,1,0,0,0,1
2,0.8,119.17,0.0,4.48,0.54,0,0,0,1,80,0,2,0,0,0,0,0,1
2,1.25,7.34,1.0151052434011978,23.27,3.66,0,0,0,1,20,0,2,0,0,0,0,0,0
2,1.44,13.61,0.0,23.31,0.53,0,1,0,1,0,2004,1,0,1,0,0,0,0
2,0.67,3.61,27.468824789905987,4.48,0.64,1,0,0,1,80,167,1,0,0,0,0,1,0
2,0.47,0.6,0.06015819766619505,7.33,1.56,1,1,0,0,0,0,0,0,1,0,0,0,0
2,2.77,35.1,0.0,4.48,0.38,1,0,0,1,10,0,1,0,0,0,0,0,0
2,0.82,76.68,0.4916286982743895,31.91,0.65,1,1,0,1,0,1670,2,0,0,0,0,0,0
2,1.69,5.56,1.1179872270108686,12.37,1.03,0,1,0,0,20,167,1,0,0,0,0,1,0
2,0.05,11.96,0.0,1152.12,0.92,0,1,0,1,120,835,2,0,0,0,0,0,0
2,2.58,19.45,0.0,4.48,0.59,1,0,0,0,0,1336,1,0,0,0,1,0,0
2,0.94,2.24,0.06932015118837087,829.29,0.77,1,0,0,1,0,2004,1,0,0,0,0,1,1
2,1.92,2.62,0.0,37.75,0.76,1,0,0,1,80,0,0,0,1,1,1,0,1
2,3.49,50.68,0.0,4.48,0.48,0,1,0,1,20,2004,1,0,0,0,0,1,0
2,1.8,33.9,13.843978272577704,15.74,0.39,1,0,0,1,10,0,0,0,1,0,0,0,0
2,2.35,3.06,11.4004379611561,18.69,1.0,0,0,0,1,120,334,1,0,0,0,0,0,0
2,2.7,1.51,0.0,35.2,0.91,1,1,0,0,80,1670,0,1,0,0,0,0,0
2,2.43,87.17,33.649770106421016,4.48,0.24,1,1,0,1,0,1670,2,0,0,0,0,0,0
2,2.79,21.18,0.0,16.45,0.78,1,1,0,1,50,167,2,0,0,0,0,0,0
2,0.22,0.03,0.0,24.14,1.6,1,0,0,0,100,1336,1,0,0,0,0,0,0
2,1.74,130.8,1.0498346793969102,19.77,1.57,1,1,0,1,50,1336,2,0,0,0,0,1,0
2,1.32,1.39,0.0,22.01,1.01,1,0,0,1,0,1336,0,0,0,0,0,0,0
2,2.6,2.57,0.0,37.21,0.63,0,1,0,0,0,0,1,0,0,0,0,0,0
2,0.93,0.03,0.0,16.82,1.46,1,0,0,1,0,2004,2,0,0,0,0,0,0
2,2.39,134.37,4.923223495155241,19.9,1.16,0,0,0,0,120,1670,2,0,0,1,0,0,0
2,2.63,86.57,0.0,4.48,0.98,1,0,0,1,50,0,2,0,0,0,0,0,1
2,1.04,34.96,21.590001414118458,28.7,0.95,1,0,0,1,50,0,2,0,0,0,0,1,0
2,3.2,101.22,0.08782369992198333,26.25,0.87,1,1,0,0,0,334,1,0,0,0,0,0,0
2,0.9,66.5,0.0,31.15,0.86,0,1,0,1,20,1670,1,0,0,0,0,0,0
2,2.83,27.74,0.0,4.48,0.43,1,0,0,1,120,0,1,0,0,0,0,0,0
2,0.1,128.18,27.570851665835512,1200.19,4.62,0,0,0,1,120,0,2,0,0,1,0,0,0
2,1.69,16.19,0.0,11.67,1.26,0,1,0,0,80,167,2,0,0,0,0,0,0
2,2.93,0.96,0.09138756028897739,14.73,1.34,1,1,0,1,50,167,2,0,0,0,0,0,0
2,2.61,12.71,40.31083229019682,4.48,3.13,0,1,0,1,0,0,2,0,0,0,0,0,0
2,3.18,29.76,25.94471258442783,37.17,1.02,0,1,0,1,50,167,1,0,0,0,0,0,1
2,2.32,26.64,47.92540117555271,4.48,0.82,0,1,0,1,20,0,1,0,0,0,0,0,0
2,0.71,33.6,7.422857956985286,8.46,0.77,0,1,0,1,20,1336,3,0,0,0,0,0,0
2,1.96,3.64,34.854755650728876,4.48,0.26,0,1,0,1,10,334,2,0,0,0,0,0,0
2,1.43,134.37,3.22480525167388,1620.51,1.75,1,1,0,1,0,2004,3,0,0,0,0,0,0
2,3.55,112.64,0.0,1254.5,2.63,1,1,0,1,50,0,2,0,0,0,0,0,0
2,3.15,134.37,0.9291573522407007,9.01,0.61,0,0,0,0,50,334,1,0,0,0,0,0,0
2,2.25,27.44,0.0,25.85,1.75,1,1,0,0,80,0,3,1,0,0,0,0,0
2,4.71,2.15,0.0,4.48,0.24,1,0,0,1,10,1336,3,0,0,0,0,0,0
2,0.6,85.83,0.0,29.52,1.02,1,0,0,0,80,0,1,1,0,0,0,1,0
2,1.14,108.95,0.0,4.48,1.83,1,1,0,0,0,0,2,0,0,0,0,0,0
2,2.14,78.1,7.934820052589819,18.8,1.04,0,1,0,1,0,0,1,0,0,0,0,0,0
2,2.92,24.86,0.0,4.48,0.11,1,0,0,1,100,334,2,0,0,0,0,0,0
2,1.1,99.93,0.0,19.25,2.29,1,1,0,1,120,1336,0,0,0,0,0,0,0
2,2.39,88.78,0.0,21.87,1.32,0,1,0,1,50,1336,1,0,0,0,0,0,0
2,0.4,13.94,0.3586257411997129,489.11,0.64,0,1,0,0,0,2004,2,0,0,0,0,0,0
2,0.86,0.03,0.0,4.48,0.67,1,0,0,1,0,1336,2,0,1,0,0,0,0
2,2.15,7.0,0.0,19.76,0.96,0,1,0,1,0,167,2,1,0,0,0,0,0
2,1.79,2.54,12.182704748681816,4.48,1.18,0,0,0,1,10,835,1,0,0,0,0,0,1
2,2.57,20.55,0.0,4.48,0.47,0,0,0,1,10,1670,0,0,0,0,0,1,0
2,0.12,134.37,0.3784247980010743,1574.81,1.09,0,0,0,0,0,1670,1,0,0,0,0,1,0
2,1.51,0.03,19.98767349588942,4.48,0.76,1,1,0,1,0,1336,0,0,0,0,0,0,0
2,2.19,43.24,0.0,4.48,0.33,1,0,0,1,20,0,2,0,0,0,0,0,0
2,4.11,0.03,0.0,25.12,0.58,1,0,0,0,0,2004,0,0,0,0,0,0,0
2,0.92,0.26,0.0,17.34,1.25,1,1,0,1,0,835,0,0,0,0,0,0,0
2,1.38,25.54,0.0,515.68,0.76,1,1,0,0,20,1670,1,0,0,0,0,0,0
2,1.27,134.37,0.0,4.48,0.84,1,0,0,1,80,0,1,0,0,1,0,0,0
2,1.86,6.66,0.017471477693447923,6.17,0.3,0,0,0,1,20,167,2,0,0,0,0,0,1
2,1.82,55.05,1.2629318577460267,13.3,0.62,1,1,0,1,10,334,1,0,0,0,1,0,1
2,0.94,61.73,0.0,4.48,1.05,1,0,0,1,50,167,1,0,0,0,0,0,0
2,2.76,1.42,0.0,6.33,1.09,1,1,0,1,10,835,1,0,0,0,0,0,0
2,4.18,0.68,12.879740561323345,4.48,1.23,1,1,0,1,120,835,1,0,0,0,1,0,0
2,3.59,7.99,0.0,4.48,0.78,1,0,0,1,80,1336,2,0,0,0,0,0,0
2,3.01,134.37,0.4341534919110224,4.48,0.48,1,0,0,1,10,167,0,0,0,0,0,0,0
2,2.1,85.17,0.0,1447.17,0.62,0,0,0,0,0,0,0,0,0,0,1,0,0
2,0.05,109.25,0.0,36.08,1.6,0,0,0,0,10,1336,0,0,0,0,0,0,0
2,1.32,76.97,18.420964422276707,11.02,0.69,0,1,0,1,20,0,1,0,0,0,0,0,1
2,0.59,90.38,3.211783665112745,4.48,0.67,1,1,0,0,10,0,2,0,0,0,0,0,0
2,0.05,6.56,0.0,22.72,0.93,1,0,0,1,100,2004,1,0,0,0,0,0,0
2,1.98,3.51,0.0,27.14,5.51,1,0,0,0,100,167,1,0,0,0,0,0,1
2,2.36,4.24,0.0,16.62,0.46,0,0,0,1,0,334,2,0,1,0,0,0,0
2,1.78,20.58,0.0,27.48,1.58,1,0,0,1,0,167,2,1,1,0,0,0,0
2,2.87,87.43,0.0,4.48,0.76,1,0,0,1,50,1670,2,0,0,0,0,1,0
2,3.08,0.03,0.0,4.48,0.69,0,0,0,1,80,334,2,0,0,0,0,0,0
2,3.56,4.25,0.0,4.48,0.12,1,0,0,1,10,167,0,0,0,0,0,1,1
2,1.39,91.57,0.20677554958625466,7.29,0.69,0,1,0,1,120,167,1,0,0,0,0,0,0
2,2.31,0.03,0.2833751738535855,8.05,1.3,0,0,0,1,80,2004,4,0,0,0,0,1,0
2,2.11,9.98,0.9343529309206513,4.48,0.38,1,1,0,0,10,835,1,0,0,0,0,0,0
2,0.65,19.68,13.594686813238408,4.48,10.8,1,1,0,1,80,1670,0,0,0,1,0,0,0
2,1.97,7.41,0.2477618796987558,1036.16,0.94,1,1,0,0,100,1336,0,0,0,0,0,0,0
2,1.04,109.82,7.447492989444267,4.48,1.11,1,1,0,0,10,0,1,0,0,0,0,0,0
2,1.8,102.09,0.7995209330633557,5.89,1.05,1,0,0,1,0,835,2,0,0,0,0,0,0
2,0.71,28.19,20.530432757684792,4.48,0.51,0,1,0,1,10,167,1,0,0,0,0,0,0
2,1.54,32.43,5.383913045079735,12.47,0.59,1,0,0,0,80,0,0,0,0,1,0,0,0
2,3.02,7.83,21.360393856672736,22.56,1.36,1,0,0,1,20,835,2,0,1,0,0,0,0
2,0.14,124.26,4.650994916355035,4.48,1.57,0,0,0,1,10,2004,0,0,0,0,0,1,1
2,2.62,0.03,0.0,4.48,1.47,0,0,0,1,10,167,1,0,0,0,0,0,0
2,2.79,3.72,0.0,1047.84,4.95,1,1,0,1,10,167,1,0,0,0,0,0,0
2,1.05,0.22,12.10509616214676,656.03,0.71,1,1,0,1,0,0,1,1,0,0,0,0,0
2,2.89,52.25,0.28380140791556,4.48,2.14,1,0,0,1,10,167,2,0,0,1,0,0,0
2,3.04,113.04,9.767420889283745,22.86,0.64,0,1,0,1,80,167,2,0,0,0,1,0,0
2,1.5,85.37,0.0,26.45,0.97,1,0,0,1,50,1670,2,0,0,0,0,0,0
2,0.79,16.86,0.0,4.97,1.0,1,1,0,1,80,0,2,0,0,0,0,0,0
2,1.44,0.03,0.0,4.48,0.89,0,1,0,1,20,0,0,0,0,0,0,0,0
2,1.89,79.74,40.857710940006356,4.48,0.71,0,1,0,0,10,0,5,0,0,0,0,0,0
2,1.8,59.64,4.4435119786256205,4.48,0.29,1,0,0,1,120,167,4,0,0,0,0,1,1
2,1.34,1.52,0.2652161684343811,4.48,3.28,1,1,0,0,10,167,1,0,0,0,0,0,0
2,0.55,127.68,0.0,4.48,0.39,1,1,0,1,10,334,1,0,0,0,0,0,0
2,3.43,11.29,0.0,19.73,1.04,1,1,0,0,0,0,0,1,0,0,0,0,0
2,2.33,7.08,0.0,41.32,0.94,1,0,0,1,100,167,2,0,0,0,0,1,1
2,2.35,68.83,0.0,4.48,0.72,1,0,0,1,0,0,0,1,1,0,0,0,0
2,2.42,21.41,0.0,4.48,5.37,0,1,0,1,10,167,2,0,0,0,0,0,0
2,1.94,2.05,0.0,5.44,7.33,1,0,0,0,10,167,0,0,0,0,0,0,0
2,3.14,6.62,0.24984367826457227,1255.5,1.75,1,1,0,1,100,167,0,0,0,0,0,0,0
2,2.3,5.86,1.6831404104446062,6.55,0.72,1,0,0,1,80,1336,1,1,0,0,0,0,0
2,2.84,62.61,0.0,4.48,0.3,1,1,0,1,100,0,0,1,0,0,0,0,1
2,1.49,0.03,0.0,4.48,0.76,1,1,0,1,120,1336,1,0,0,0,0,1,0
2,2.41,0.03,0.0,4.48,2.23,1,1,0,1,10,835,1,1,0,0,0,0,0
2,0.69,1.29,17.670946795204134,4.48,0.94,1,1,0,1,50,0,0,0,0,0,0,1,0
2,1.53,29.23,0.0,31.17,0.71,1,0,0,1,0,0,2,0,0,0,0,0,0
2,2.34,15.63,0.0,4.48,1.47,1,1,0,1,10,835,1,0,0,0,0,0,1
2,2.32,56.51,0.0,4.48,1.83,0,0,0,1,10,167,0,0,0,0,0,0,0
2,1.44,6.17,0.0,18.05,0.97,0,1,0,0,100,2004,2,1,0,0,0,1,0
2,1.15,47.7,0.0,4.48,1.24,1,1,0,1,10,0,2,0,0,0,0,0,0
2,1.68,2.32,0.0,36.27,1.94,0,0,0,1,0,334,1,0,0,0,0,1,0
2,3.42,2.08,0.0,755.37,0.85,0,0,0,0,120,167,6,1,0,0,0,0,0
2,3.26,7.03,44.599596971160544,7.81,1.64,1,0,0,0,50,1670,2,0,1,0,0,0,0
2,0.55,0.03,0.0,4.48,0.63,0,0,0,1,10,0,3,0,0,0,0,0,0
2,1.59,134.37,0.0,4.48,0.38,0,0,0,0,0,0,6,0,1,0,0,0,0
2,1.77,61.2,37.475029992466425,1232.88,0.42,1,0,0,1,100,0,1,0,0,0,0,1,0
2,0.19,0.03,22.861892048983385,25.56,5.91,1,1,0,1,10,167,1,0,0,0,0,0,0
2,1.91,18.05,0.0,30.38,0.27,1,0,0,0,0,334,1,0,0,0,0,0,1
2,1.89,134.37,4.232767585044418,1596.13,0.56,1,1,0,1,50,1670,2,0,0,0,0,0,0
2,0.73,93.03,7.647333173161814,20.35,1.68,0,0,0,0,0,1670,1,0,0,1,0,1,0
2,0.73,16.83,0.0,4.48,1.65,1,0,0,0,120,0,0,0,0,0,0,0,0
2,0.05,5.36,10.369946362973053,21.88,5.78,1,0,0,1,20,1336,1,0,0,0,0,0,1
2,1.71,18.26,0.0,40.15,5.89,1,1,0,0,50,334,1,0,0,0,1,0,0
2,1.07,16.78,36.17805080840552,29.76,1.09,1,1,0,0,80,0,0,0,0,0,0,0,0
2,0.92,31.16,0.0,1289.75,0.89,1,0,0,1,120,1336,2,0,1,0,0,1,0
2,5.07,86.05,0.6702653867072569,34.04,1.72,0,0,0,0,20,1336,0,0,0,1,0,0,0
2,1.02,83.56,0.13534109324155508,1461.92,4.07,1,1,0,1,10,0,2,0,0,1,0,0,0
2,3.1,55.89,5.584378577295346,4.48,0.8,0,1,0,1,80,0,2,0,0,0,1,0,0
2,3.47,55.51,0.4630184857614177,4.48,0.65,1,1,0,1,0,0,1,0,0,0,0,0,0
2,2.12,1.88,0.0,15.85,0.62,1,0,0,1,0,1336,1,0,0,0,0,0,0
2,1.07,5.34,2.1624966637721563,4.48,1.57,1,1,0,0,0,1670,0,0,0,0,0,0,0
2,0.93,16.19,0.30661772790695796,33.48,0.31,0,0,0,1,10,0,2,1,0,0,0,0,0
2,0.38,27.16,14.402738118037261,16.47,0.66,0,0,0,1,10,1670,0,0,0,0,0,0,0
2,0.05,4.4,0.0,14.37,0.87,1,1,0,1,0,167,1,0,0,0,0,0,0
2,0.58,109.64,0.0,5.47,1.88,1,0,0,0,50,0,2,0,0,0,0,0,0
2,2.74,25.97,27.639416574668527,5.25,1.06,1,1,0,0,80,167,2,0,1,0,0,1,0
2,1.42,87.21,1.0849861138786596,23.41,1.62,1,0,0,1,100,0,0,0,0,0,0,0,0
2,1.67,5.32,11.611457536472813,22.82,0.98,1,1,0,1,0,167,5,0,0,0,0,0,0
2,1.18,16.01,0.0,13.61,0.69,1,0,0,1,0,835,2,0,0,0,1,0,1
2,2.28,0.03,0.0,618.75,0.8,0,0,0,0,0,167,1,0,0,0,0,0,0
2,2.5,6.66,0.0,27.86,0.68,1,1,0,1,20,167,1,0,0,0,0,1,0
2,1.08,0.83,0.0,13.95,0.53,0,0,0,1,0,1336,2,0,1,1,1,0,1
2,2.58,99.11,0.0,9.11,1.45,0,1,0,1,50,2004,2,0,0,0,0,0,0
2,1.03,2.35,35.759741234253454,1113.44,1.79,0,0,0,1,50,167,1,0,0,0,0,0,0
2,2.39,98.59,0.0,19.53,1.08,1,0,0,1,0,0,0,0,1,0,0,0,1
2,0.53,0.03,0.22163140343220947,6.56,0.37,1,1,0,1,120,1336,1,0,0,0,0,0,0
2,1.53,49.94,11.500586474448461,1004.34,1.65,0,1,0,0,10,0,2,0,1,0,0,1,0
2,0.43,1.61,29.619445383715046,29.94,0.81,1,1,0,1,120,0,3,0,1,0,1,0,1
2,1.57,0.03,0.0,15.56,1.07,1,1,0,1,0,835,2,0,1,0,0,0,0
2,2.52,5.02,0.42107283810029594,4.48,0.8,1,1,0,1,0,0,2,0,0,0,0,0,1
2,2.33,117.63,0.0,858.7,0.31,1,0,0,1,10,167,2,0,0,0,0,0,0
2,2.11,25.98,0.0,10.45,0.85,1,0,0,0,80,334,0,0,0,0,0,0,0
2,1.84,31.04,0.0,4.48,0.54,1,1,0,1,50,334,2,0,0,0,0,0,1
2,1.12,2.03,0.48610503951965434,23.7,1.35,0,0,0,1,20,334,2,0,0,0,0,0,0
2,3.01,6.5,11.407611655316028,27.05,0.99,1,1,0,1,100,0,0,0,0,0,0,0,0
2,1.26,1.42,0.21200062622252866,34.3,1.03,1,1,0,1,0,0,2,0,1,0,0,1,0
2,0.11,16.86,0.0,4.48,0.66,1,1,0,1,80,835,1,0,1,1,0,0,1
2,0.21,134.37,0.0,29.09,0.94,1,1,0,1,10,334,1,0,0,0,0,0,0
2,2.85,24.85,14.091326165836294,20.13,0.95,1,1,0,1,10,167,1,1,0,0,0,0,0
2,2.28,0.03,0.0,4.48,0.35,1,0,0,1,0,0,1,0,0,0,0,0,0
2,1.85,1.13,0.0,16.59,3.55,0,1,0,1,10,1670,2,0,0,1,0,0,0
2,2.53,0.03,0.0,29.16,6.4,1,1,0,1,50,0,2,0,0,0,0,0,0
2,2.51,0.03,0.0,14.85,1.2,1,0,0,1,10,835,2,0,0,0,0,0,0
2,2.54,26.0,0.0,1277.18,0.79,1,0,0,1,0,0,1,0,0,0,0,0,1
2,0.96,72.57,0.7530036555455979,6.34,1.0,1,0,0,1,80,0,0,0,0,0,0,0,0
2,0.05,1.86,0.0,4.48,1.08,1,0,0,1,10,1670,0,0,0,0,0,0,1
2,1.85,82.17,0.2540911813759721,4.48,2.85,1,1,0,1,0,334,1,0,0,0,0,0,0
2,1.08,23.43,2.2252580889149995,18.01,1.63,1,1,0,1,120,334,1,0,1,0,0,0,1
2,0.94,14.07,34.99654214914236,19.54,10.8,1,1,0,1,80,835,0,0,0,0,1,0,0
2,0.05,0.03,22.802143511769287,22.98,0.78,1,1,0,1,10,2004,2,0,1,1,0,0,0
2,0.27,86.56,0.0,17.97,1.53,1,1,0,0,0,1670,0,0,0,0,0,0,0
2,0.05,85.0,1.2060199569972108,28.92,0.85,1,1,0,0,50,0,2,0,0,0,0,0,0
2,2.3,0.03,0.0,4.48,1.0,1,0,0,1,0,2004,1,0,0,0,0,0,0
2,0.29,65.51,0.0,24.46,0.8,0,0,0,1,100,835,0,0,0,1,0,0,0
2,1.81,3.49,0.0,4.48,0.59,1,0,0,1,0,835,2,0,0,0,0,0,1
2,1.87,93.88,17.590849664578208,4.48,1.51,1,1,0,1,80,1670,1,0,0,0,0,0,0
2,1.31,9.92,11.434279902397945,4.68,1.63,0,0,0,1,100,835,4,0,0,1,0,1,0
2,2.3,0.91,4.377162242425731,4.48,0.52,1,1,0,0,10,0,2,0,0,0,0,0,0
2,2.17,24.05,0.0,1166.97,1.0,1,0,0,1,80,1336,0,0,0,0,0,1,0
2,2.38,14.37,0.6595072836774413,4.48,1.38,0,1,0,1,20,334,2,0,0,1,0,0,0
2,2.61,18.07,7.122953098745647,4.48,0.73,0,0,0,0,10,1336,0,0,0,0,1,0,0
2,0.4,117.38,42.649272686923744,18.31,3.63,1,0,0,1,10,0,2,0,0,0,0,0,0
2,0.61,98.33,0.0,6.11,1.66,1,0,0,0,10,2004,0,0,0,0,0,0,0
2,0.38,12.65,10.236092004742282,4.48,0.74,1,1,0,1,0,1336,1,0,0,0,0,0,0
2,1.19,128.84,0.0,12.61,0.43,1,1,0,1,10,0,0,0,0,0,0,0,0
2,2.0,121.06,37.344964640399894,19.45,1.23,0,0,0,0,100,167,1,0,0,1,0,0,0
2,2.74,134.37,5.585107245406597,16.37,1.03,0,1,0,1,10,835,1,0,0,0,0,0,0
2,2.4,5.43,0.0,20.95,1.25,1,0,0,0,100,1670,2,0,0,0,0,0,0
2,0.88,134.37,0.9887478000302001,8.25,1.16,1,0,0,1,50,0,2,0,1,0,0,1,0
2,0.66,2.95,0.0,4.48,0.29,1,1,0,1,0,0,1,0,0,0,0,0,0
2,3.16,2.19,0.0,13.17,0.41,1,1,0,0,0,167,2,0,0,0,0,0,1
2,0.95,88.0,8.378277003824902,4.48,1.29,1,1,0,1,20,835,1,0,1,0,0,0,0
2,1.39,65.46,13.22966563402045,7.18,0.48,1,1,0,1,0,167,2,1,1,0,0,0,1
2,1.18,0.03,0.0,25.76,0.73,1,1,0,1,0,1336,1,0,0,0,0,0,1
2,2.65,39.51,0.0,4.48,0.45,1,1,0,1,10,2004,1,0,0,0,0,0,0
2,1.6,4.63,0.0,4.48,0.81,1,1,0,1,0,334,1,0,0,0,0,0,0
2,3.03,0.03,0.0,5.89,1.49,1,0,0,1,120,0,1,0,0,0,0,0,0
2,4.1,17.42,23.57232647802637,4.48,0.85,1,1,0,1,0,0,0,0,0,0,0,0,0
2,1.0,3.94,0.0,4.48,0.77,0,1,0,1,100,167,0,0,0,0,0,0,0
2,2.54,0.03,0.0,4.48,1.13,1,1,0,1,10,0,1,0,0,0,0,0,0
2,1.03,27.81,21.95452791312217,13.52,1.65,1,1,0,1,0,1670,2,0,0,0,0,0,0
2,0.61,0.03,0.9460029913126285,694.81,1.37,0,0,0,1,20,0,0,0,0,0,0,0,0
2,0.05,34.06,0.2518661267970077,31.0,0.8,0,1,0,1,120,835,1,0,0,0,0,0,0
2,2.01,134.37,0.20127287382274334,4.48,1.27,1,1,0,1,120,0,1,0,0,0,0,0,0
2,0.27,2.5,0.0,23.78,0.57,0,1,0,1,0,334,2,0,0,0,0,1,1
2,1.52,4.77,10.526832460183549,1500.98,1.12,1,0,0,1,80,1336,1,0,1,1,0,0,1
2,2.76,93.15,0.0,5.28,1.0,0,1,0,1,0,167,2,0,0,0,0,0,0
2,2.09,33.12,0.07814819580995702,4.48,1.15,1,0,0,0,0,0,1,0,0,0,0,0,0
2,3.28,5.35,38.58447146392784,34.42,1.6,1,0,0,0,0,334,4,0,0,0,0,0,0
2,2.87,0.03,0.0,4.48,0.87,0,1,0,1,0,334,1,0,0,0,0,1,0
2,0.64,22.18,0.0,29.81,1.08,0,1,0,1,50,0,0,0,0,1,0,0,0
2,2.58,18.01,0.0,17.48,1.02,1,1,0,0,0,1336,0,0,0,0,1,0,0
2,3.32,33.57,0.0,15.3,0.96,0,1,0,0,80,334,1,0,0,0,0,0,0
2,1.15,16.83,0.0,28.34,0.78,1,0,0,1,10,835,2,0,0,0,0,0,1
2,3.21,5.23,0.30207565737944264,15.51,0.75,1,1,0,1,0,0,1,0,0,0,0,0,0
2,2.12,11.69,0.0,4.48,0.51,0,1,0,1,0,167,2,0,0,0,0,0,0
2,1.38,60.26,0.0,4.48,4.31,0,1,0,0,20,1336,2,0,0,0,0,0,0
2,7.14,17.2,0.0,4.48,0.92,1,1,0,1,0,167,2,0,0,0,0,0,0
2,2.42,83.23,0.0,782.28,2.17,1,1,0,1,100,0,0,0,0,0,0,0,0
2,1.98,1.11,0.9347343844492733,12.1,1.16,0,0,0,1,80,167,1,0,0,1,0,0,0
2,3.1,4.02,28.212344011493542,4.48,1.67,1,1,0,1,50,167,1,0,0,1,0,0,0
2,1.55,16.95,0.0,33.8,2.21,1,0,0,1,0,167,1,0,0,0,0,0,0
2,0.74,3.79,15.30325710797863,25.78,0.86,1,0,0,0,0,0,2,0,0,1,0,0,0
2,2.21,1.84,4.1910868811122715,34.27,0.77,1,1,0,0,80,1336,1,0,1,1,0,0,0
2,1.56,0.62,4.863737230855218,4.48,0.73,1,0,0,0,0,0,1,0,1,0,1,0,0
2,2.22,6.35,8.908097519301002,10.3,0.28,0,0,0,1,80,0,0,0,0,0,0,0,0
2,0.82,46.19,0.0,1578.83,1.57,1,1,0,0,100,2004,1,0,0,0,0,0,0
2,2.46,0.03,0.031165025873988693,4.48,0.35,1,0,0,1,10,0,2,0,0,0,0,0,0
2,1.62,18.17,0.0,4.48,4.44,1,0,0,0,0,167,0,0,0,0,0,0,0
2,2.19,4.61,0.0,20.57,0.71,0,1,0,0,0,334,2,0,0,0,1,1,1
2,1.65,0.03,9.335498174730073,1158.03,0.44,1,1,0,1,50,1670,0,0,0,1,0,0,0
2,2.59,2.29,16.450024983832236,4.48,1.03,1,1,0,1,0,167,1,0,0,0,0,0,0
2,3.53,122.33,0.0,1123.63,1.76,0,0,0,1,0,334,3,0,0,0,0,0,0
2,2.55,2.52,0.6482156539902788,12.48,1.56,1,1,0,1,80,835,1,0,0,0,0,1,0
2,0.65,0.03,0.0,28.31,2.15,1,0,0,0,80,167,1,0,0,0,0,0,0
2,1.68,14.6,17.55744248829727,4.48,1.07,0,1,0,1,0,2004,0,0,0,0,0,1,1
2,1.15,1.37,0.0,4.48,0.55,1,1,0,1,80,167,0,0,0,0,0,0,0
2,1.03,1.25,0.0,1054.24,0.76,0,1,0,1,20,0,0,0,0,0,0,0,1
2,0.61,19.68,0.3176633303979505,30.65,1.4,0,0,0,1,0,2004,2,0,0,0,0,0,0
2,2.25,128.36,0.0,26.44,2.59,0,1,0,0,0,1670,2,0,0,0,0,0,0
2,1.28,70.62,10.162652644368826,4.48,0.7,0,0,0,0,20,334,2,0,0,1,0,0,0
2,2.12,0.03,38.81040228322712,20.38,1.51,0,0,0,0,10,167,1,0,0,0,0,0,0
2,2.33,2.36,0.10047021369540422,31.4,1.02,1,1,0,0,50,334,2,0,1,0,0,0,0
2,1.38,6.03,0.8794981606937201,839.22,0.84,1,1,0,0,0,1670,2,0,0,0,0,0,0
2,2.82,23.82,0.0,4.48,0.58,0,0,0,1,10,334,0,0,1,1,0,1,1
2,1.82,44.39,0.18798657370545915,9.5,0.36,1,1,0,1,0,334,2,0,0,0,0,0,0
2,2.46,4.08,0.0,973.3,0.94,1,1,0,1,10,835,1,0,0,0,0,0,0
2,1.63,134.37,0.0,4.48,0.37,1,0,0,0,0,835,2,0,0,0,0,0,0
2,0.85,93.2,15.208802359758975,41.99,1.56,1,0,0,0,0,167,2,0,0,0,0,0,1
2,1.08,13.98,0.0,17.82,1.65,0,1,0,1,20,167,2,0,0,0,0,0,0
2,2.83,2.22,0.0,4.48,0.56,1,0,0,1,80,1670,0,0,0,0,0,1,0
2,1.61,120.2,1.9837057414425328,4.48,0.88,1,1,0,1,0,0,0,0,0,0,0,0,0
2,2.16,0.03,6.982823606121561,17.47,1.03,1,1,0,0,0,1336,1,0,0,0,0,0,0
2,0.6,37.76,0.0,16.14,0.41,1,1,0,0,10,0,0,0,1,1,0,0,0
2,0.05,55.67,0.5427626498014531,15.91,0.5,1,1,0,0,120,167,0,0,0,0,0,1,0
2,3.14,115.45,35.60285674710533,27.75,5.27,1,0,0,1,0,1670,0,0,1,0,0,0,0
2,1.55,24.53,0.0,22.91,0.12,1,0,0,1,10,835,1,0,0,0,0,0,0
2,2.98,0.22,13.502478879230942,13.15,3.11,1,1,0,0,100,0,2,0,0,0,0,0,1
2,0.23,4.82,0.3983558417615676,27.28,1.32,0,1,0,1,100,167,2,0,0,0,0,0,0
2,0.77,1.43,0.0,17.06,0.22,1,0,0,1,0,0,1,0,0,0,0,0,0
2,3.4,0.03,0.0,1172.88,0.92,1,1,0,1,10,1670,0,0,0,0,0,0,0
2,1.67,0.03,0.0,4.48,0.77,1,0,0,1,10,1336,2,0,0,0,0,0,0
2,1.98,0.03,0.8138282122147302,28.42,0.94,0,1,0,1,0,1336,6,1,0,1,0,0,1
2,2.21,59.21,0.0,4.48,0.59,1,0,0,1,0,167,2,1,0,0,0,0,0
2,0.05,134.37,29.73878581524909,17.97,1.9,1,1,0,0,10,167,2,0,0,0,0,0,0
2,0.75,40.89,0.62875112973259,26.8,0.89,0,0,0,1,80,167,1,0,0,0,0,1,0
2,1.31,7.06,0.0,4.48,0.51,1,0,0,1,120,2004,0,0,0,0,0,0,0
2,0.05,2.74,47.31817711324022,28.13,1.0,0,1,0,0,10,0,0,0,0,0,0,0,0
2,2.47,21.5,0.0,20.78,0.94,0,0,0,1,0,0,0,0,0,0,0,0,0
2,0.47,52.54,18.100818832975648,4.48,1.11,0,0,0,1,0,0,1,0,0,1,0,1,0
2,1.66,32.67,0.0,32.22,0.69,1,1,0,1,0,0,2,0,0,0,0,0,0
2,1.12,17.58,13.296559022993494,27.83,1.58,0,1,0,1,0,835,0,0,0,0,0,0,0
2,2.4,97.19,0.034452519783276306,5.41,0.64,0,0,0,1,120,0,1,0,0,0,0,0,0
2,1.37,0.03,41.16311862864385,34.33,1.03,1,0,0,0,0,0,1,0,0,1,0,0,1
2,2.14,22.15,9.152329579016882,39.74,0.66,0,1,0,1,0,835,0,0,1,1,0,0,1
2,2.57,1.04,0.0,4.48,0.17,0,0,0,0,0,0,1,1,0,0,0,0,0
2,0.5,36.24,30.39259366673561,4.48,0.7,1,0,0,1,50,1670,0,0,0,0,0,0,1
2,3.39,27.92,0.0,4.48,0.73,0,0,0,1,80,1336,1,0,0,0,0,0,0
2,0.9,6.9,4.426996864117077,7.28,0.8,1,1,0,0,120,167,2,0,0,0,0,0,0
2,1.26,134.37,0.0,13.11,0.71,1,1,0,1,0,0,2,0,1,1,0,1,0
2,3.17,0.03,9.897778186545526,12.7,1.38,1,1,0,1,0,1670,1,0,0,0,0,0,1
2,2.59,42.69,1.0965759838937252,5.91,5.32,0,0,0,0,80,835,0,0,0,0,0,0,1
2,1.47,52.19,0.0,4.48,1.78,0,1,0,1,80,167,0,0,0,0,0,1,0
2,1.63,4.49,0.0,13.74,0.93,1,1,0,1,50,1670,1,0,1,0,0,1,0
2,0.72,0.75,0.30867096881660727,39.68,1.06,0,1,0,1,0,167,2,0,1,1,0,0,0
2,2.18,7.17,0.0,34.38,0.92,0,0,0,1,80,1670,2,0,0,0,0,1,0
2,1.56,1.09,26.998190687416127,898.7,0.37,1,0,0,0,10,0,0,0,0,0,0,0,0
2,0.05,16.38,0.0,13.07,1.63,1,1,0,0,0,0,0,0,0,0,0,0,0
2,2.24,0.03,0.0,4.48,0.57,0,0,0,0,120,0,0,0,0,0,0,0,0
2,0.84,3.37,10.263239653006742,22.73,1.06,0,1,0,1,10,835,2,0,0,0,0,0,0
2,1.82,134.37,0.0,4.48,0.87,1,1,0,0,10,1336,1,0,0,0,0,0,0
2,1.08,2.0,17.519120597073837,13.15,0.84,1,0,0,1,0,167,1,0,0,0,0,0,1
2,1.34,0.03,9.785122642031599,567.98,0.28,1,1,0,0,80,1670,1,1,0,0,0,0,0
2,2.69,99.42,41.64226419772808,4.48,0.33,0,0,0,0,80,1336,4,0,0,0,0,0,0
2,2.59,15.72,14.446608346190843,1150.11,1.06,0,1,0,1,10,1670,1,1,0,1,0,0,0
2,1.04,76.21,0.0,4.48,2.46,1,1,0,0,10,0,0,0,1,0,0,0,0
2,0.05,0.03,0.5906080793825846,4.48,1.5,1,0,0,1,10,1336,1,0,0,0,0,0,1
2,2.87,92.96,1.9917041421650392,17.49,0.81,0,1,0,0,80,0,0,0,0,0,0,0,0
2,0.76,18.73,0.0,20.57,0.76,1,0,0,1,0,334,1,1,0,0,0,1,1
2,4.15,2.67,0.0,14.85,0.44,0,1,0,1,80,0,2,1,0,0,0,1,0
2,2.52,4.92,0.0,18.04,1.08,1,0,0,1,20,835,1,0,0,0,0,0,0
2,3.16,0.03,15.389251286560633,1319.35,0.93,0,0,0,1,10,835,1,0,0,0,0,0,0
2,2.51,132.07,0.0,25.82,0.41,0,0,0,1,80,0,0,0,0,0,0,0,0
2,2.39,1.23,7.380355686253675,4.48,1.62,0,1,0,1,50,0,0,0,0,0,0,0,0
2,0.05,30.95,1.793729951251859,34.25,1.73,1,0,0,1,20,334,2,0,0,0,0,0,0
2,3.31,134.37,0.0,26.3,0.53,1,0,0,1,50,2004,1,0,1,1,0,0,0
2,0.05,27.13,0.0,8.02,0.61,0,1,0,1,20,167,2,0,1,0,0,0,0
2,2.16,3.3,0.0,1048.67,1.87,0,1,0,1,80,1670,1,1,0,0,0,1,1
2,1.01,1.05,16.97196129104756,28.77,5.04,0,1,0,0,80,167,2,0,0,0,0,0,0
2,1.44,2.29,0.0,4.48,0.37,0,1,0,1,80,835,2,0,0,0,1,0,0
2,2.15,18.21,0.0,26.37,0.93,1,1,0,1,10,334,1,0,0,1,0,0,0
2,2.85,0.03,0.0,4.48,0.22,1,0,0,1,0,0,1,0,0,0,0,0,0
2,0.05,4.26,9.149621312426952,19.25,0.54,1,0,0,0,0,2004,1,0,0,0,0,0,0
2,2.02,4.77,0.0,15.47,1.26,1,0,0,0,0,334,1,0,0,0,0,0,1
2,3.2,37.5,0.0,887.4,0.44,1,0,0,0,120,1336,0,0,0,1,0,0,1
2,2.89,131.2,4.105928971907681,26.61,1.7,1,0,0,1,80,0,2,0,0,0,0,0,1
2,2.47,4.32,0.0,4.48,0.53,1,0,0,1,50,0,1,0,0,0,0,0,0
2,2.46,21.59,0.0,4.48,0.64,1,1,0,1,120,167,1,1,0,0,0,0,0
2,1.43,118.22,52.5,17.27,0.05,1,1,0,1,20,1336,2,0,0,0,0,0,0
2,2.59,5.9,5.173336125131398,27.59,1.69,0,1,0,0,0,1336,2,0,0,0,0,0,0
2,2.26,3.03,0.0,26.23,1.63,0,0,0,1,10,167,1,0,0,0,0,0,0
2,1.5,0.03,1.2721546517639482,27.98,1.15,1,0,0,1,50,1336,2,0,0,0,0,0,0
2,1.97,0.2,0.0,33.18,0.41,1,0,0,0,50,334,1,0,0,0,0,0,1
2,0.35,2.43,0.0,19.05,1.04,1,0,0,1,10,1336,1,0,0,0,0,0,0
2,1.17,134.37,0.9336004973842047,1218.99,1.25,1,0,0,1,10,334,2,0,0,0,0,0,0
2,2.58,134.37,3.173845159351293,812.42,1.0,1,1,0,1,10,2004,1,0,0,0,0,0,1
2,2.53,23.62,0.0,4.48,0.76,1,1,0,0,80,0,2,0,0,0,0,0,0
2,2.22,58.44,0.8469606222530692,21.47,1.02,1,0,0,1,50,2004,1,0,1,0,0,0,0
2,1.25,11.73,0.0,28.42,0.48,1,1,0,1,0,167,1,0,0,0,0,0,0
2,0.88,0.03,0.0,5.59,0.64,1,1,0,0,0,0,1,0,0,0,0,0,1
2,1.74,5.28,0.0,22.65,0.67,1,0,0,1,80,167,2,0,0,0,0,0,0
2,3.26,1.34,0.0,4.48,0.55,0,0,0,1,10,0,1,0,0,0,0,0,0
2,1.73,0.03,0.0,21.71,0.41,0,1,0,0,0,1670,1,0,0,1,0,0,0
2,2.23,0.18,0.0,12.84,1.32,0,1,0,1,120,0,2,0,0,0,0,0,0
2,0.46,35.56,0.0,33.02,0.76,1,0,0,1,10,167,0,1,0,0,0,1,0
2,1.22,2.92,0.0,25.03,2.53,1,1,0,0,0,0,1,0,0,0,0,0,0
2,1.99,0.03,0.28874520852892094,4.48,1.06,1,1,0,0,10,167,1,0,0,0,0,0,0
2,3.42,87.38,0.0,4.48,0.85,0,1,0,0,20,1670,2,0,0,0,0,0,0
2,2.19,4.24,0.0,4.48,1.71,0,0,0,1,10,0,1,0,0,0,0,0,0
2,2.35,20.46,5.662193532749014,4.48,0.54,0,0,0,1,10,0,1,0,0,0,0,1,0
2,2.39,4.71,1.549265048930879,12.64,0.94,0,0,0,1,50,1670,4,0,1,0,0,1,0
2,2.83,94.7,0.0,4.48,1.18,0,1,0,0,100,835,6,1,0,0,0,0,0
2,0.24,2.34,6.025532633877498,29.0,0.64,1,1,0,0,50,1336,2,0,0,0,0,1,0
2,1.96,0.03,4.493489920981842,4.48,0.5,0,0,0,0,10,1336,2,0,0,0,0,0,0
2,0.05,63.61,11.269179555082856,24.52,0.99,1,0,0,1,100,0,0,0,0,0,0,0,0
2,0.66,2.86,0.0,19.2,0.06,1,1,0,1,10,835,3,0,0,1,0,0,0
2,2.75,24.04,0.0,4.48,0.36,1,0,0,1,0,1336,2,0,0,0,0,0,0
2,2.8,0.03,24.990376278385575,1392.32,0.57,0,1,0,1,50,167,4,0,0,0,1,0,0
2,3.55,4.06,0.0,4.48,0.85,1,1,0,0,0,1336,2,0,0,1,0,0,0
2,1.95,105.4,26.003712904818414,10.69,5.83,1,0,0,1,120,835,2,0,0,0,0,0,0
2,3.29,5.47,12.522711906719666,31.55,1.0,1,0,0,1,80,1670,3,1,0,0,0,0,0
2,2.55,9.29,0.5965866337959752,18.52,0.45,1,1,0,1,10,167,2,0,0,0,0,0,1
2,0.99,56.1,0.0,4.48,0.53,0,1,0,1,0,0,1,0,0,0,0,0,0
2,2.56,32.18,14.117572208548918,4.48,0.82,0,0,0,1,0,167,0,0,0,0,0,0,0
2,1.22,58.07,2.0154387639565208,782.91,1.21,1,0,0,1,20,0,1,0,0,0,0,0,1
2,1.88,24.82,0.3910296900949995,441.99,1.29,0,0,0,1,0,0,2,0,0,0,0,0,0
2,2.47,23.0,0.0,15.53,1.1,1,1,0,0,0,167,1,0,0,0,0,0,0
2,1.0,19.6,0.0,7.35,1.2,1,0,0,0,50,167,1,1,0,0,0,0,0
2,0.35,134.37,0.12362303460395477,33.98,1.03,0,1,0,0,0,334,1,0,0,0,0,0,0
2,2.42,6.56,0.0,4.48,1.37,1,1,0,0,0,0,1,0,0,0,0,0,0
2,1.22,0.03,9.467931465048938,1026.85,0.93,1,1,0,0,10,167,0,0,0,0,0,0,0
2,0.05,10.11,13.426252254641717,4.48,0.8,0,0,0,1,120,2004,0,0,0,1,0,0,1
2,1.72,7.38,5.601156698711264,35.36,0.77,1,0,0,0,0,167,2,0,0,0,0,0,0
2,2.06,5.58,0.0,6.42,0.81,0,1,0,1,0,167,2,0,0,0,0,0,0
2,1.19,80.39,0.0,5.71,0.35,0,1,0,1,120,0,0,0,0,0,0,0,0
2,2.55,2.77,11.098257889407154,4.48,0.94,0,1,0,1,20,0,1,0,0,1,0,0,0
2,3.74,19.36,0.0,4.48,0.81,1,1,0,1,10,0,0,0,1,0,0,0,0
2,2.25,0.03,2.8571112667611605,4.48,0.75,1,1,0,0,0,0,2,0,0,0,0,0,0
2,1.69,55.27,0.0,4.48,0.64,1,0,0,1,80,0,1,0,0,0,0,0,0
2,2.58,15.05,52.5,4.48,0.63,0,1,0,1,10,1336,1,0,1,1,0,0,1
2,3.04,0.03,0.0,5.92,1.91,0,0,0,1,120,334,2,0,0,0,0,0,0
2,3.24,22.04,0.0,4.48,0.55,1,0,0,1,10,334,2,1,0,0,0,0,0
2,1.12,93.37,1.1387485863063436,4.48,1.11,1,1,0,0,10,1336,1,0,0,0,0,0,0
2,0.98,48.93,0.18580487531331452,755.95,0.37,1,0,0,1,0,0,1,0,0,0,0,0,0
2,0.36,2.3,0.0,11.56,1.48,1,0,0,1,0,1670,2,0,0,0,1,0,1
2,2.41,5.34,8.053707811877342,2375.38,0.92,1,1,0,1,0,167,1,0,0,0,0,1,1
2,0.7,1.69,5.072573432436727,5.41,1.62,0,1,0,1,20,2004,0,0,0,0,0,0,0
2,3.13,6.62,0.0,17.87,1.24,1,0,0,1,20,1336,0,0,0,0,0,1,0
2,1.95,0.03,0.0,4.48,0.86,0,0,0,1,50,0,3,0,0,0,0,0,0
2,3.33,40.42,0.02151079627384601,5.8,0.85,0,1,0,1,10,0,0,0,0,0,0,0,0
2,1.71,79.91,21.63676558014942,30.81,1.08,1,1,0,1,80,0,1,0,0,0,0,0,0
2,1.27,52.99,0.0,4.48,1.76,0,0,0,1,0,0,2,0,0,0,0,0,0
2,1.95,134.37,1.2518855796416943,1004.13,0.81,1,0,0,1,0,167,0,0,0,0,0,0,0
2,0.23,90.23,0.30933753933162095,7.89,0.87,0,0,0,1,20,167,2,0,0,0,0,0,0
2,0.81,75.38,0.6240794713694917,18.39,0.39,0,1,0,1,80,835,1,0,0,1,0,1,0
2,1.24,2.47,12.658675871905993,13.64,3.79,0,1,0,1,0,1336,0,0,0,0,0,0,0
2,2.27,3.2,0.0,4.48,0.35,0,1,0,0,0,167,1,0,0,0,0,0,0
2,3.51,114.47,0.0,19.57,1.23,1,0,0,1,120,1336,2,1,0,0,0,0,0
2,2.23,2.29,0.0,782.62,1.39,0,0,0,1,100,0,0,0,0,0,0,0,0
2,2.84,26.46,0.0,13.05,0.97,1,0,0,1,0,1336,2,0,0,0,0,0,0
2,0.74,23.52,9.27935824031151,4.48,0.53,1,1,0,1,10,0,1,0,0,0,0,0,0
2,0.95,74.06,14.088719118631897,11.04,1.33,1,1,0,1,10,835,1,0,0,0,0,0,0
2,0.79,130.33,1.1333981751707842,24.52,0.83,1,1,0,0,80,0,2,0,1,1,0,0,0
2,1.42,2.82,34.55363049511759,4.48,0.9,1,1,0,0,0,1670,1,0,0,0,0,0,0
2,0.58,2.55,12.379280166020981,4.48,1.38,0,1,0,0,50,167,6,0,0,0,0,1,1
2,1.36,134.37,1.1154450499242936,16.52,0.67,1,0,0,0,0,0,0,0,0,0,0,0,0
2,1.88,33.82,43.40634578118812,19.28,0.57,1,1,0,1,10,334,0,0,0,0,0,0,0
2,1.27,26.11,4.749651535247005,4.48,1.54,1,1,0,0,10,334,1,0,0,0,0,0,1
2,0.05,3.48,0.0,434.17,0.17,1,1,0,1,120,0,2,0,0,0,0,0,0
2,1.0,28.65,0.0,15.81,1.07,0,0,0,1,120,0,2,0,0,0,0,0,0
2,2.28,63.7,0.0,4.48,1.32,1,0,0,1,10,334,2,0,0,0,0,0,0
2,1.52,1.14,6.532571606733661,849.76,0.93,0,1,0,1,10,1336,1,0,0,0,0,0,0
2,1.65,0.03,0.2568803990787265,20.14,0.9,1,0,0,1,50,167,1,0,0,0,0,0,0
2,1.99,17.47,0.0,20.27,0.6,0,1,0,1,0,0,1,0,0,0,1,0,0
2,1.89,0.95,15.789009187109468,1001.07,0.86,1,1,0,1,0,835,2,0,0,0,0,0,0
2,0.47,62.39,21.610573274457874,4.48,0.78,1,1,0,1,10,167,2,0,0,0,0,0,0
2,1.02,134.37,1.4963563805900222,6.52,0.8,0,1,0,1,0,0,0,0,0,0,0,1,0
2,3.23,87.26,0.0,4.48,1.96,0,1,0,1,120,835,2,0,0,0,0,0,0
2,2.18,1.6,11.982049283576998,19.96,1.34,1,0,0,1,80,0,1,0,0,0,0,0,1
2,2.34,5.54,35.17868597082794,14.98,0.97,0,1,0,1,0,167,0,0,0,1,0,0,1
2,3.55,2.29,0.0,605.45,1.59,1,1,0,1,50,0,0,0,1,0,0,0,0
2,2.81,134.37,0.874822708501868,1119.5,1.13,1,1,0,1,10,0,6,0,0,0,0,0,0
2,2.91,1.21,0.0,4.48,0.6,1,0,0,1,50,167,1,0,0,0,1,1,1
2,1.49,29.4,0.0,18.49,1.14,1,0,0,1,50,0,1,0,0,0,0,0,0
2,2.19,0.03,0.7493316882704496,29.71,0.65,1,1,0,1,20,1670,0,0,0,0,0,0,0
2,0.05,50.13,0.0,10.32,1.79,0,1,0,1,20,2004,0,0,0,0,0,0,0
2,1.42,54.64,0.7218044983571215,7.97,0.9,1,1,0,1,100,2004,4,0,0,0,0,0,0
2,0.54,27.84,0.0,13.49,0.64,0,0,0,0,0,1336,2,0,0,0,0,0,1
2,2.06,26.53,10.215668177387013,10.4,0.48,1,0,0,1,20,835,1,0,0,0,0,0,1
2,0.05,5.19,0.0,15.38,1.17,1,1,0,0,20,334,2,0,1,0,0,0,0
2,0.74,82.48,0.0,23.97,1.32,1,1,0,1,10,167,0,0,0,0,0,0,0
2,1.72,0.03,0.40889282884166583,13.86,0.9,0,0,0,1,0,1336,1,0,0,0,0,0,0
2,1.04,33.77,0.0,38.26,10.8,1,1,0,1,10,835,2,0,0,0,0,0,0
2,0.85,0.76,9.563081667951902,4.56,0.65,1,0,0,1,10,835,1,0,0,0,1,0,0
2,1.7,0.36,0.0,17.81,0.76,1,1,0,1,120,835,2,1,0,0,0,0,0
2,1.43,3.66,0.0,17.19,1.38,1,0,0,1,0,835,2,0,0,1,0,0,0
2,1.5,77.92,0.9542539971792774,23.7,1.51,0,0,0,0,80,0,0,0,0,0,0,0,0
2,1.41,0.03,41.817475083366105,14.28,0.62,1,1,0,1,0,167,1,0,0,0,0,0,0
2,2.03,67.32,0.18233376886232472,16.97,0.59,0,0,0,0,10,1336,2,0,0,0,0,0,0
2,2.63,62.43,0.0,4.48,2.34,1,0,0,1,80,0,1,1,0,0,0,0,0
2,0.25,58.3,0.40103934347005366,14.96,0.72,1,1,0,1,0,1670,1,0,0,0,0,0,0
2,1.96,2.22,0.4002688844114946,5.67,0.56,0,0,0,1,0,1336,2,0,1,0,0,0,0
2,2.67,133.92,0.0,4.48,1.9,1,0,0,1,120,1336,0,0,1,0,0,0,0
2,0.95,0.03,4.942753229797223,4.48,1.46,0,1,0,0,0,334,2,0,0,0,1,0,1
2,3.56,2.87,0.0,649.9,0.8,1,1,0,0,50,0,1,0,0,0,0,0,1
2,2.91,26.59,0.24146817542864518,33.72,0.74,1,1,0,0,0,2004,1,0,1,0,0,0,0
2,1.45,4.35,2.83831002789524,16.28,0.48,1,0,0,1,100,835,2,0,0,0,0,0,0
2,0.85,2.48,0.0,7.86,0.67,1,0,0,1,20,1670,2,0,0,0,0,0,0
2,0.78,60.3,0.0,4.48,0.84,1,1,0,0,0,0,0,0,0,0,0,0,0
2,0.8,4.55,12.712874710696445,17.33,0.49,1,0,0,0,20,0,2,0,0,0,0,0,0
2,0.05,128.17,1.0207206296593634,32.79,0.36,1,0,0,1,10,0,0,0,0,0,0,0,0
2,1.69,100.02,0.0,977.27,0.85,0,0,0,1,0,167,0,0,1,0,0,0,1
2,2.87,1.78,0.0,4.48,1.66,0,0,0,1,10,0,2,0,0,0,0,0,0
2,0.5,134.37,6.396748423333887,15.75,0.79,1,1,0,1,10,0,2,0,0,0,0,0,0
2,1.45,28.84,0.0,4.48,0.87,1,1,0,1,100,0,1,0,0,0,0,0,1
2,1.0,48.19,7.92033854218681,4.48,0.43,1,0,0,1,50,1336,1,0,0,0,0,0,0
2,2.02,56.48,0.0,13.15,0.59,1,0,0,1,50,835,2,0,0,0,0,0,0
2,1.87,134.37,0.0828258892191379,23.27,2.81,1,0,0,0,120,835,1,0,1,1,0,0,0
2,2.46,102.88,0.0,4.48,0.09,0,0,0,1,0,0,2,0,0,0,0,0,0
2,2.0,2.18,13.959644231883539,4.48,0.9,1,0,0,1,50,0,2,0,0,0,0,0,0
2,3.29,13.15,0.0,4.48,0.01,1,1,0,1,50,167,0,0,0,0,0,0,0
2,2.66,90.45,0.012777769522580383,4.48,1.01,1,1,0,1,0,0,5,0,0,1,0,0,0
2,0.05,91.13,0.0,31.01,1.65,1,1,0,0,100,334,1,0,0,0,1,1,1
2,1.44,12.99,0.0,27.44,1.26,1,1,0,1,100,167,2,0,0,1,0,0,0
2,2.19,0.03,6.253073488245527,30.46,0.55,1,0,0,1,10,1670,0,0,0,0,0,0,0
2,1.95,26.17,0.4168647284436272,34.38,1.26,1,1,0,1,20,1670,2,0,0,0,0,0,0
2,1.98,31.21,17.18451565869547,19.35,0.39,1,0,0,1,80,167,2,0,0,0,1,0,0
2,1.72,20.84,0.0,9.31,0.93,1,0,0,1,10,167,1,0,0,0,0,0,0
2,0.44,18.89,0.0,5.67,1.18,1,1,0,1,0,167,2,0,0,0,0,0,1
2,0.54,17.17,0.7872656622769417,25.13,1.2,0,1,0,1,50,0,4,0,0,0,0,0,0
2,2.47,0.03,0.037782348339021464,20.52,1.97,0,0,0,0,20,835,1,0,0,0,0,0,0
2,2.81,4.09,16.96990142782135,4.48,5.08,0,1,0,1,100,167,2,1,0,0,0,0,0
2,1.99,0.03,0.0,4.48,0.72,1,1,0,1,0,0,0,0,0,0,0,0,0
2,1.01,2.04,0.606309281427293,30.36,1.04,1,0,0,1,0,167,2,0,0,0,0,0,1
2,0.58,115.18,4.0498025212359785,20.64,1.05,0,0,0,1,20,167,2,0,0,0,0,0,0
2,2.14,15.47,0.0,10.37,4.46,1,0,0,1,50,1670,1,0,0,0,0,0,0
2,2.05,77.48,0.14049515252177372,829.77,0.41,1,1,0,0,10,167,2,0,0,0,0,0,0
2,2.68,14.49,0.0,23.92,0.98,1,0,0,0,20,0,1,0,0,0,0,0,0
2,1.43,57.14,8.956784131533002,17.87,1.53,1,1,0,1,50,167,1,0,0,0,0,0,1
2,2.23,102.19,0.0,13.69,0.9,1,1,0,1,0,0,2,0,0,0,0,0,0
2,1.13,0.03,0.0,10.96,1.85,0,0,0,1,0,334,1,0,0,0,0,0,0
2,0.8,134.37,0.0,35.42,1.01,1,1,0,1,0,167,0,0,0,0,0,0,1
2,0.51,0.03,0.0,1002.34,1.7,1,1,0,1,50,167,1,0,0,0,0,1,0
2,1.07,0.03,0.3391229148626879,4.48,1.61,0,1,0,1,0,2004,1,0,0,0,0,0,0
2,0.39,0.03,1.9203483195451057,6.78,0.86,0,0,0,1,10,334,6,0,0,0,0,0,0
2,3.19,0.34,0.8518550771075025,4.48,1.28,1,1,0,1,0,835,2,0,0,0,0,0,0
2,0.79,37.69,0.37255257473330333,4.48,0.54,1,0,0,0,80,0,2,1,0,0,0,0,1
2,2.19,48.34,0.0,4.48,0.67,0,0,0,1,50,0,0,0,0,0,0,0,0
2,3.47,7.7,0.0,14.16,0.83,1,0,0,0,0,167,2,0,0,0,0,0,0
2,1.7,0.03,0.0,5.63,1.64,1,0,0,1,10,0,2,0,0,0,0,0,0
2,2.52,0.03,42.13313594477394,4.48,0.75,1,1,0,1,80,835,2,0,0,1,0,0,1
2,0.05,13.51,0.0,4.48,1.63,0,1,0,1,10,0,1,0,0,1,0,0,0
2,0.67,3.52,0.1295840230705128,20.41,0.49,1,1,0,1,100,2004,1,0,1,0,0,1,1
2,1.64,0.8,0.19983466192582605,17.18,1.01,1,1,0,1,80,0,1,1,0,0,0,0,0
2,1.63,0.03,0.0,9.07,1.79,1,0,0,1,10,167,2,0,0,0,0,0,0
2,2.92,6.77,19.760462008105534,4.48,3.34,1,1,0,1,10,2004,1,1,1,0,0,0,0
2,2.72,30.76,21.12383900815173,34.67,1.1,1,1,0,0,80,0,0,0,1,0,0,0,1
2,2.0,4.63,13.165435067090689,30.4,0.92,1,0,0,1,10,0,2,0,0,0,0,0,0
2,0.98,31.17,0.0,4.48,1.77,1,0,0,1,80,0,0,0,0,0,0,0,0
2,2.35,21.93,0.0,39.14,0.77,0,0,0,1,80,2004,0,0,0,0,1,0,0
2,3.03,23.47,0.0,15.92,2.66,1,0,0,1,10,1336,0,0,1,0,0,0,0
2,0.85,65.44,0.0,4.48,0.32,1,0,0,1,10,0,0,0,0,0,0,0,0
2,1.94,25.64,0.0,19.8,1.17,1,1,0,0,10,0,1,0,0,0,0,0,0
2,2.64,0.15,23.690040897211915,13.22,0.63,1,0,0,0,0,167,1,0,0,0,0,0,0
2,3.34,134.37,0.0,4.98,0.84,0,1,0,1,20,1670,2,0,0,0,0,0,0
2,3.02,81.67,0.0,4.48,0.75,0,1,0,0,80,167,1,1,0,0,0,0,0
2,2.35,1.8,0.0,948.16,1.37,1,1,0,1,0,167,0,1,0,0,0,0,1
2,2.74,86.04,0.3650977012321227,11.7,1.12,1,1,0,1,0,0,1,0,0,0,0,0,0
2,1.26,92.07,0.39371868315732017,4.48,0.62,1,1,0,1,10,167,2,0,0,0,0,0,0
2,0.79,4.38,0.0,7.62,0.39,0,0,0,1,10,334,1,0,0,0,0,0,0
2,2.64,54.8,0.0,22.48,0.75,1,0,0,0,0,1336,2,0,0,0,0,0,0
2,1.1,1.38,0.0,4.48,5.61,1,1,0,0,10,1336,1,1,0,0,0,0,0
2,0.5,0.03,0.0,20.72,1.03,1,1,0,1,50,334,2,0,0,0,0,0,0
2,3.13,86.99,0.0,1009.83,0.7,1,0,0,1,80,167,0,0,0,0,0,0,0
2,5.45,1.15,0.0,4.48,1.15,0,1,0,1,0,334,2,0,0,1,0,0,1
2,2.22,0.03,0.0,4.48,0.32,0,1,0,0,0,1670,1,0,0,0,0,0,1
2,2.79,19.96,0.0,916.73,1.25,0,0,0,0,50,0,1,0,0,0,0,0,0
2,1.25,14.04,0.0,1064.84,1.14,1,1,0,0,100,334,2,0,0,0,0,1,0
2,0.05,44.89,0.5506401454317535,11.67,0.94,1,1,0,1,100,0,1,0,0,0,0,1,0
2,3.8,13.47,7.775351495596951,7.96,0.63,0,0,0,1,80,167,1,0,0,0,0,0,0
2,1.88,0.03,11.659457494052132,4.48,2.01,1,1,0,1,50,1670,1,0,0,0,0,0,0
2,2.93,1.21,0.0,4.48,0.77,1,1,0,1,20,334,2,0,0,0,0,0,0
2,2.24,63.88,0.0,4.48,0.49,1,1,0,0,10,167,4,0,0,0,0,0,0
2,0.05,13.58,0.0,11.79,1.07,0,0,0,1,50,167,0,0,0,0,0,0,0
2,2.57,54.82,50.23845078680922,4.48,0.23,0,0,0,1,0,1670,2,0,0,0,0,0,0
2,0.05,0.03,0.33340015805376455,27.69,1.02,1,0,0,1,10,1336,2,0,0,0,0,0,0
2,1.78,80.22,17.785474980605443,24.29,0.66,0,0,0,0,0,0,1,0,0,0,1,0,0
2,2.37,99.93,0.0,11.91,0.82,0,0,0,1,100,0,1,0,0,0,0,0,0
2,2.1,0.03,0.0,4.48,0.12,0,0,0,1,0,1336,1,0,0,0,0,0,1
2,2.58,95.43,0.0,4.48,0.42,0,1,0,1,20,835,4,0,0,0,0,0,0
2,2.41,28.75,0.18084075432950522,4.48,0.86,1,0,0,1,0,0,1,0,0,0,0,0,0
2,2.04,114.24,0.02538090031201779,17.66,0.28,1,1,0,1,0,167,2,0,0,0,0,0,0
2,2.39,18.32,19.053652857423998,4.48,0.97,1,0,0,1,10,334,2,0,0,0,0,0,0
2,3.24,2.66,6.8665022609664845,1050.54,0.98,1,1,0,1,50,1336,2,0,0,0,0,0,0
2,2.18,28.36,0.0,13.5,0.91,1,1,0,1,0,0,3,0,0,0,0,1,0
2,6.79,5.68,0.702855830869433,4.48,0.83,1,1,0,1,50,167,1,0,0,0,1,0,0
2,0.26,16.72,0.0,11.13,1.41,1,0,0,1,120,0,0,0,0,0,0,0,0
2,2.24,28.46,0.07256078254256842,18.82,1.63,1,1,0,1,0,0,2,0,0,0,0,0,0
2,1.35,134.37,0.0,748.98,0.65,1,1,0,0,120,835,1,0,0,0,0,1,0
2,1.07,4.95,20.206052996935952,24.69,0.67,1,0,0,1,10,1670,2,0,0,0,0,0,0
2,1.06,4.05,0.0,13.28,1.32,1,0,0,0,0,1670,0,0,0,0,0,0,0
2,2.88,74.86,1.2222999096553187,4.48,0.22,1,1,0,1,120,0,4,0,0,0,0,1,0
2,1.9,0.03,0.0,21.43,0.92,1,0,0,0,0,1336,1,0,0,0,0,0,0
2,2.76,38.02,0.5704100469189934,4.48,1.37,1,0,0,1,100,0,0,0,1,0,0,0,0
2,1.43,1.65,0.0,9.13,1.38,0,0,0,0,10,334,4,0,0,0,1,0,1
2,0.46,3.09,7.422095863072746,11.7,2.85,0,1,0,1,0,835,0,0,0,0,0,0,0
2,2.44,3.3,0.5205480154593277,22.81,0.43,1,1,0,1,0,0,2,0,0,0,0,0,0
2,1.0,129.88,0.0,35.22,0.54,1,1,0,0,100,167,2,0,0,0,0,1,0
2,3.22,0.03,7.548807654679804,4.48,0.87,1,0,0,1,100,2004,2,0,0,0,0,0,0
2,0.93,2.17,0.7381075603491318,24.5,0.78,0,1,0,0,50,1336,1,0,0,0,0,0,0
2,1.0,76.16,10.088045897104323,22.59,0.99,1,1,0,1,10,0,1,1,0,0,0,0,0
2,2.77,65.41,13.776904468405231,7.51,0.91,1,1,0,1,20,1670,4,0,0,0,0,0,0
2,1.62,0.03,10.229608340629383,16.72,0.75,0,0,0,1,100,1670,2,0,0,0,0,1,0
2,2.38,113.51,0.0,1291.69,0.68,1,0,0,0,0,334,1,0,0,0,0,0,0
2,2.18,100.88,0.0,10.65,0.77,1,1,0,1,80,835,3,0,0,0,0,0,0
2,0.16,30.31,1.2734361681691748,23.72,0.52,1,0,0,0,0,334,0,0,0,0,0,0,1
2,1.98,6.21,0.0,873.52,0.0,1,0,0,1,0,0,1,0,0,0,0,0,0
2,1.61,0.03,0.0,26.63,0.81,1,0,0,1,50,1670,1,0,0,0,0,0,0
2,1.88,2.76,1.4480062882574192,22.06,5.56,1,1,0,0,100,2004,4,0,1,0,0,1,1
2,2.11,1.02,0.0,24.65,1.33,1,1,0,1,80,1670,1,0,0,0,0,0,0
2,0.1,15.17,0.0,17.55,1.58,1,0,0,1,100,167,1,0,0,0,0,0,0
2,1.67,26.48,0.0,5.84,0.58,1,0,0,1,20,835,0,0,0,0,0,0,0
2,2.91,126.25,0.3583304981702577,1164.91,0.58,1,1,0,1,100,835,0,0,0,0,0,0,1
2,1.67,67.61,0.0,33.14,0.66,1,0,0,1,100,0,1,0,0,0,0,0,0
2,1.76,2.95,0.0,27.19,1.0,0,0,0,1,0,1336,0,0,0,0,0,0,0
2,3.29,17.68,0.0,1265.26,0.94,0,1,0,1,0,0,6,0,0,0,0,0,0
2,3.59,0.03,0.0,1494.11,0.89,0,0,0,1,120,167,2,0,0,0,0,1,1
2,3.17,1.02,0.0,4.48,0.61,1,1,0,1,50,0,2,0,0,0,0,1,0
2,1.34,8.75,0.4514814149669926,30.81,1.72,1,0,0,1,0,1336,0,0,0,0,0,0,0
2,0.63,0.75,0.6272757282525632,6.6,0.99,1,1,0,1,100,1336,0,0,0,0,0,1,0
2,1.71,1.08,13.8750517804784,4.48,0.65,0,0,0,0,50,1670,2,0,0,1,0,0,0
2,2.86,0.03,0.9872894324092236,4.48,0.7,1,0,0,1,0,334,1,1,0,0,0,0,0
2,0.58,42.85,0.0,25.01,2.11,0,1,0,1,0,0,1,0,1,0,0,1,0
2,1.45,134.37,0.0,40.35,1.7,1,1,0,1,80,0,1,0,0,1,0,0,0
2,3.4,0.03,7.310821653937986,4.48,0.61,1,0,0,1,10,167,1,0,0,0,0,0,0
2,0.87,134.37,8.032787770080379,34.58,0.77,1,0,0,1,0,334,2,0,0,0,0,0,0
2,4.07,0.38,0.35984036405887737,4.48,0.12,0,0,0,1,20,167,0,0,0,0,1,1,1
2,1.66,9.75,13.945228798260246,4.48,1.5,1,0,0,1,10,167,2,0,0,0,0,0,1
2,2.01,4.62,9.724860356462317,6.97,0.68,1,1,0,1,0,1336,1,0,1,0,0,0,0
2,1.24,77.82,0.5691503918322242,4.48,0.93,0,0,0,1,80,0,2,1,0,0,0,0,0
2,2.35,5.34,9.91206130353509,39.67,1.07,1,1,0,1,0,334,5,0,0,0,0,0,0
2,0.59,0.03,2.3288339980141592,7.81,2.03,1,1,0,1,80,167,1,1,0,0,0,1,0
2,1.4,0.03,18.768945234273946,14.18,4.01,1,1,0,0,0,0,0,0,0,0,0,0,0
2,0.76,20.59,0.0,4.48,0.92,1,0,0,1,0,167,2,0,0,0,0,0,0
2,2.64,0.03,0.0,4.48,0.33,0,0,0,0,0,2004,0,0,0,1,0,0,0
2,0.87,30.46,0.9086215131072521,6.89,1.28,1,1,0,1,10,167,1,0,0,0,0,0,0
2,3.09,2.91,0.9020552658692136,16.72,0.78,1,0,0,1,80,0,2,0,0,0,0,0,0
2,1.76,134.37,0.766286880643925,14.01,0.74,1,0,0,1,20,0,1,0,0,0,0,0,0
2,3.96,92.9,20.383248600968706,28.78,0.86,0,1,0,0,120,1336,1,0,0,0,0,0,0
2,0.88,0.03,38.327598730286155,4.48,0.73,0,1,0,0,50,0,5,0,0,0,0,0,0
2,0.05,110.95,0.0,4.48,1.15,1,0,0,1,10,1670,2,0,0,1,0,0,0
2,2.12,1.46,15.305467244717374,758.11,0.79,1,0,0,0,80,0,1,0,0,0,0,0,1
2,2.02,96.25,20.366335045120483,5.89,1.06,1,0,0,1,10,334,1,0,1,1,0,0,0
2,0.05,2.45,0.5488602161031472,1200.77,4.51,0,1,0,1,100,0,0,0,0,0,0,0,0
2,1.31,8.02,0.1071177206488656,28.92,1.02,1,1,0,0,80,334,4,0,1,0,0,0,0
2,2.5,115.58,1.4434795560938376,27.12,1.09,0,0,0,0,10,835,2,0,0,0,0,0,0
2,1.05,23.67,0.0,1232.33,0.47,1,0,0,1,10,0,0,0,0,0,0,0,0
2,2.53,2.53,22.080755428727993,4.48,0.78,1,0,0,1,20,0,0,0,1,1,0,0,0
2,1.95,1.29,0.0,24.4,1.73,0,1,0,1,0,835,1,0,0,0,0,0,0
2,0.05,4.96,7.275263816182211,24.91,0.71,0,1,0,1,10,835,2,0,0,0,0,0,0
2,3.11,0.03,0.0,969.23,0.42,1,1,0,0,10,0,2,0,0,0,1,0,0
2,2.0,2.31,0.0,1307.89,2.58,1,0,0,1,0,0,2,0,0,0,0,0,0
2,0.66,37.71,0.0,14.22,0.89,1,0,0,0,10,0,0,0,0,0,0,0,0
2,3.71,1.27,0.0,4.48,0.49,1,1,0,1,10,334,2,1,0,0,0,0,0
2,0.17,2.79,0.0,990.16,1.38,0,0,0,1,80,2004,1,0,0,0,0,0,0
2,0.84,54.61,1.1791931182658821,16.29,0.96,1,1,0,0,80,0,2,0,0,0,0,0,1
2,2.63,3.9,19.540997614658643,6.58,0.78,0,1,0,0,0,167,1,0,1,1,0,0,1
2,2.9,7.56,15.1539074637816,22.6,1.79,1,0,0,1,0,167,2,0,0,0,0,0,0
2,7.14,0.03,0.0,4.48,1.29,1,0,0,0,10,0,1,0,0,0,0,0,0
2,1.94,132.03,22.87257966141012,9.97,0.54,1,1,0,1,80,0,2,0,1,0,0,0,1
2,1.21,0.26,0.0,4.48,0.56,1,1,0,1,0,334,1,0,0,0,0,0,0
2,3.03,86.91,0.0,4.48,0.44,0,1,0,1,10,1336,1,0,0,0,0,0,0
2,0.96,134.37,0.5716831103320431,14.72,1.04,1,0,0,1,0,2004,2,0,0,0,0,0,1
2,1.87,21.01,0.0,11.18,0.4,1,1,0,1,10,0,0,0,0,0,0,0,0
2,1.95,134.37,17.352467086146945,21.6,1.67,1,0,0,1,50,334,2,0,0,0,0,0,1
2,1.45,54.81,21.657606528064893,6.92,0.46,1,1,0,1,10,334,1,0,0,0,0,0,1
2,1.4,5.3,0.0,4.48,0.6,0,1,0,1,10,334,1,0,0,0,0,1,0
2,3.27,13.55,14.763218938297321,7.97,0.44,1,0,0,1,50,0,2,0,0,1,0,0,0
2,2.8,134.37,0.0,18.81,0.22,0,0,0,1,10,167,2,0,0,0,0,0,0
2,0.05,29.46,0.0,1065.36,2.7,0,0,0,1,0,835,1,0,0,1,0,0,1
2,3.22,91.87,0.0,7.02,0.96,0,0,0,1,0,0,1,0,0,0,0,0,0
2,1.71,23.82,7.445164362670045,4.48,1.38,1,1,0,0,50,0,0,0,0,0,0,0,0
2,2.23,83.35,0.0,31.24,0.75,1,0,0,1,0,167,4,0,0,0,0,0,1
2,2.84,0.12,0.0,10.04,2.36,0,1,0,1,50,1336,2,0,0,0,1,1,0
2,1.89,12.14,8.751147943665467,15.7,0.85,0,0,0,1,0,0,2,0,0,0,0,1,0
2,2.04,4.26,1.4013954856240742,21.62,0.73,0,1,0,1,10,0,0,0,0,1,0,0,0
2,1.94,1.58,0.0,4.48,1.2,1,0,0,1,10,1670,0,0,0,0,0,0,0
2,2.52,16.68,15.375644432263028,4.48,0.87,1,0,0,0,10,0,1,0,1,0,0,0,0
2,2.96,62.53,0.0,4.48,0.0,1,1,0,1,100,0,1,0,0,0,0,0,0
2,2.46,0.96,0.0,4.48,1.23,1,0,0,0,0,0,0,0,0,1,0,0,0
2,1.29,84.9,0.0,4.48,0.4,1,0,0,0,10,167,2,0,0,0,0,0,1
2,0.43,14.56,0.0,14.17,1.79,0,1,0,1,80,1336,0,0,0,0,0,0,0
2,0.06,4.14,13.725182376952924,1365.67,0.7,1,1,0,1,10,0,0,0,0,0,0,0,0
2,2.74,129.96,0.029777454120209983,30.76,0.96,1,1,0,1,10,0,1,0,0,1,1,0,0
2,0.61,10.0,20.052322964667937,38.84,1.42,0,0,0,1,20,2004,1,0,0,0,0,0,0
2,2.0,134.37,2.7090245784912517,1089.11,1.35,0,1,0,1,50,1336,2,0,0,0,0,0,0
2,2.69,1.48,0.22062638961169145,391.81,0.52,0,1,0,0,0,835,2,0,0,0,0,0,0
2,2.44,8.2,9.546058576629115,4.48,0.09,1,1,0,0,80,1670,2,0,1,0,0,0,0
2,1.62,112.75,9.033859447005598,8.23,0.49,0,0,0,1,10,0,2,0,0,0,0,0,0
2,1.71,2.9,0.0,4.48,0.58,1,0,0,0,120,1336,1,1,0,0,0,0,0
2,1.93,27.17,0.0,4.48,0.98,1,1,0,0,0,0,0,0,0,0,0,1,0
2,2.46,134.37,6.3585270417427955,26.67,1.41,1,1,0,1,0,0,1,0,0,0,0,0,0
2,1.63,3.02,13.82251706707127,637.83,1.02,1,0,0,0,100,0,6,0,0,0,1,0,0
2,0.05,4.44,30.46645588306678,11.1,9.22,0,0,0,0,20,2004,2,0,0,0,0,0,0
2,1.96,31.91,8.541738489521178,4.48,0.63,1,1,0,0,80,334,1,0,0,0,0,0,1
2,1.12,75.99,1.1769534080744717,20.69,5.91,0,0,0,1,0,167,0,0,0,0,0,0,1
2,1.17,77.76,1.153469815969592,35.91,0.87,1,0,0,1,80,835,0,1,0,0,0,0,0
2,2.07,56.77,0.0,4.48,1.0,1,0,0,1,0,0,2,1,0,0,0,0,0
2,1.41,45.97,0.12653134215039813,25.83,0.96,0,0,0,1,0,1336,4,0,0,0,0,0,1
2,2.63,80.49,25.63023467898782,9.92,0.78,1,0,0,1,50,1336,1,0,0,0,0,0,1
2,1.2,0.03,23.119987150511164,21.92,3.06,1,1,0,1,20,167,5,0,0,0,0,0,0
2,1.79,75.09,5.558994595091849,1302.69,0.49,1,0,0,0,10,0,1,0,0,0,0,0,0
2,1.96,0.51,14.772904408394329,13.46,0.09,0,0,0,1,50,1670,0,0,0,0,0,0,1
2,2.12,5.35,0.0,21.91,0.84,0,1,0,1,0,167,1,0,0,0,1,0,0
2,3.46,80.96,6.342502733678772,22.54,1.39,1,1,0,1,10,0,6,1,0,1,0,0,1
2,3.04,0.03,0.0,4.48,0.18,1,0,0,0,50,0,2,0,0,0,0,0,0
2,1.48,72.5,13.440029760655168,9.74,0.27,1,0,0,1,0,0,1,0,0,0,0,0,0
2,3.22,103.9,0.0,8.31,0.52,0,0,0,1,50,1670,2,0,0,0,0,0,0
2,0.89,0.03,13.386899161769733,4.48,1.65,1,0,0,1,0,167,1,0,1,0,0,0,0
2,2.67,134.37,0.0,4.48,1.24,0,0,0,1,0,167,2,0,0,0,0,0,0
2,3.41,5.41,0.0,4.48,0.71,1,1,0,0,100,0,6,0,0,0,1,0,0
2,1.59,13.9,11.870403446581516,13.43,1.05,0,0,0,0,50,1336,4,0,0,1,0,0,1
2,3.49,3.54,0.0,4.48,0.42,1,0,0,0,80,0,0,0,0,0,0,0,0
2,0.38,0.03,0.0,4.48,0.73,0,0,0,1,10,1336,0,0,0,0,0,1,0
2,0.78,0.03,0.0,966.76,0.38,0,1,0,1,10,0,1,0,0,0,1,0,0
2,3.09,2.63,3.766111480490112,6.75,0.14,1,0,0,0,0,0,6,0,0,0,1,0,1
2,2.22,5.54,52.5,35.38,2.14,1,1,0,1,100,2004,2,0,0,0,0,0,1
2,3.5,0.03,0.0,6.13,0.63,1,1,0,1,20,1336,0,0,0,0,0,0,0
2,1.24,22.59,0.19866491538349573,24.08,0.76,0,1,0,1,10,1670,1,0,0,1,0,1,0
2,2.99,0.03,0.0,10.22,0.73,1,0,0,0,120,1336,2,0,0,1,0,0,0
2,3.33,30.2,22.102794044294882,28.33,0.82,0,0,0,1,0,835,1,0,0,0,0,0,0
2,2.86,32.75,0.0,4.48,1.67,1,0,0,1,0,0,2,0,0,0,0,0,0
2,2.3,4.18,0.904552006352084,4.48,0.86,1,1,0,1,10,0,1,0,0,0,0,0,1
2,0.05,103.5,11.845540073285918,4.48,0.57,0,0,0,1,0,334,0,0,0,0,0,0,0
2,2.34,4.27,24.27842686438332,12.06,0.98,0,0,0,1,0,1670,1,0,0,0,0,0,0
2,1.17,0.03,0.0,4.48,0.75,1,1,0,0,10,0,1,0,0,0,0,0,0
2,2.43,7.6,15.102553785146494,40.4,0.6,0,0,0,1,100,0,0,0,0,0,1,0,0
2,0.05,1.17,9.587344800875668,22.8,0.72,1,0,0,1,0,0,0,0,0,0,0,0,0
2,0.83,134.37,0.0,4.48,0.91,1,0,0,0,0,167,2,0,0,1,0,0,0
2,2.49,9.25,0.20419362824571452,30.72,0.83,1,1,0,0,10,167,1,0,0,0,0,0,0
2,6.55,0.03,0.005518443327479972,16.59,0.94,0,1,0,0,10,0,1,0,0,0,0,0,0
2,2.48,6.34,0.0,35.45,1.04,1,0,0,1,20,167,0,0,0,0,0,0,0
2,1.13,134.37,0.4758610782413615,1231.43,0.58,0,1,0,1,100,334,1,0,0,0,0,0,0
2,1.18,31.89,0.0,5.14,2.03,1,1,0,0,50,1670,2,0,0,0,0,1,0
2,0.57,84.9,0.0,4.48,0.61,1,1,0,1,100,0,1,0,0,0,0,0,0
2,2.18,2.99,0.0,4.48,0.73,1,0,0,1,80,334,1,0,0,0,0,1,0
2,1.24,78.08,0.0,4.48,2.0,0,1,0,1,0,334,2,0,0,0,0,0,0
2,0.24,2.46,16.925670799471334,34.36,0.94,0,1,0,1,120,835,4,0,0,0,0,0,0
2,2.56,60.59,0.0,5.73,1.37,1,0,0,1,10,0,2,0,0,0,0,0,0
2,0.31,1.51,0.0,4.48,0.66,0,0,0,1,50,167,1,0,0,1,0,0,0
2,2.34,4.52,9.78810272448195,15.94,1.31,1,1,0,0,0,0,1,0,0,1,1,0,1
2,2.45,4.12,0.45993255829296764,1372.0,3.79,1,0,0,1,0,1336,1,0,1,0,0,0,1
2,0.05,82.86,0.0,7.11,5.3,0,0,0,1,20,1670,0,0,0,0,0,1,1
2,2.12,0.03,0.0,12.64,0.43,1,1,0,1,80,0,4,0,0,0,0,0,0
2,3.16,0.27,0.0,4.48,0.73,1,0,0,1,0,334,2,0,0,0,0,0,0
2,0.96,134.37,24.191006897964414,4.48,0.95,1,0,0,1,80,0,1,0,0,1,1,1,0
2,2.06,1.18,0.07149883530561524,28.68,1.04,0,0,0,0,50,2004,0,0,1,1,0,1,1
2,1.16,5.99,9.727498178254288,18.05,0.87,0,0,0,1,10,167,2,0,0,1,0,0,0
2,2.2,0.03,0.0,10.48,0.79,1,1,0,1,100,167,2,0,0,0,0,0,1
2,2.21,62.7,0.0,4.48,0.7,0,1,0,1,0,2004,2,0,0,0,0,0,0
2,0.46,0.03,0.293729156165738,7.02,1.42,0,1,0,1,0,0,1,1,0,0,0,0,0
2,1.14,0.03,0.0,4.48,0.0,1,0,0,1,50,334,1,0,0,0,0,0,0
2,2.93,121.48,0.0,4.8,2.71,1,0,0,0,50,0,2,0,0,0,0,0,0
2,3.17,25.94,0.0,8.15,3.44,0,1,0,1,0,334,3,0,0,0,0,0,0
2,2.28,4.71,4.551651331662239,24.55,2.02,1,1,0,0,0,0,0,0,0,0,0,0,0
2,1.38,0.03,0.0,39.66,1.08,1,1,0,1,0,0,4,0,0,0,0,0,0
2,2.41,0.03,10.159902383104349,29.76,0.63,1,0,0,1,100,0,2,0,0,0,0,0,0
2,3.07,22.54,1.7561365435505536,8.1,0.98,1,1,0,1,80,1336,4,0,0,1,0,0,1
2,2.47,0.03,12.775481392902808,4.48,0.66,0,0,0,1,0,1336,1,0,0,0,0,0,0
2,0.93,0.03,0.0,4.48,1.66,0,1,0,0,10,2004,0,1,0,0,0,0,0
2,0.41,21.54,51.88263150876472,15.66,0.82,1,0,0,1,0,167,0,0,0,1,0,0,1
2,0.85,134.37,0.3775888824039483,33.05,0.79,0,0,0,1,100,1336,0,0,0,0,0,0,0
